literature_id,reference_short,doi,year,source_dataset,formulation_id,cell_type,salt_name,salt_name_2,salt_name_3,salt_concentration_m,salt_concentration_2_m,salt_concentration_3_m,anion_name,solvent_1,solvent_1_fraction,solvent_2,solvent_2_fraction,solvent_3,solvent_3_fraction,additive_1,additive_1_fraction,additive_2,additive_2_fraction,temperature_c,current_density_ma_cm2,areal_capacity_mah_cm2,ce_mean,ce_std,ce_metric_definition,cycle_count,interfacial_resistance_ohm_cm2,conductivity_ms_cm,viscosity_cp,transference_number,substrate_type,separator_type,usable_for_md,pilot_priority,raw_source_location,notes,raw_electrolyte_text,raw_reference_id,fc,oc,fo,inor,f_total,f_solvent,f_anion,o_total,o_solvent,o_anion,c_total,c_solvent,c_anion
cui2023_001,Kim et al. PNAS 2023,10.1073/pnas.2214357120,2023,cui_pnas_2023_dataset_s01,1_m_liclo4_pc_5_fec,Li|Cu,LiClO4,,,1.0,,,ClO4,PC,1.0,FEC,0.05,EC,,,,,,,0.5,0.083,80.0,,Cycle,30.0,,,,,,,no,pending,"Mogi, R. et al. Effects of Some Organic Additives on Lithium Deposition in Propylene Carbonate. J. Electrochem. Soc. 149, A1578 (2002).",unsupported_species:ClO4,1 M LiClO4-PC + 5% FEC,2.0,0.013968481227056,0.841984658474856,0.0165899474372349,0.8763302140905531,0.0041378841237753,0.0041378841237753,0.0,0.2494211714310907,0.2252759630204788,0.0241452084106118,0.2962300665701964,0.2962300665701964,0.0
cui2023_002,Kim et al. PNAS 2023,10.1073/pnas.2214357120,2023,cui_pnas_2023_dataset_s01,1_m_lipf6_ec_dmc_1_1_v_2_vc,Li|Cu,LiPF6,,,1.0,,,PF6,EC,0.5,DMC,0.5,VC,0.02,,,,,,0.6,0.44,80.0,,Cycle,50.0,,,,,,,no,pending,"Ota, H., Shima, K., Ue, M. & Yamaki, J. Effect of vinylene carbonate as additive to electrolyte for lithium metal anode. Electrochim. Acta 49, 565–572 (2004).",unsupported_species:VC,1 M LiPF6 EC-DMC (1:1 v) 2% VC,34.0,0.1454777972232165,1.0,0.1454777972232165,1.1697240967604192,0.0382826294679182,0.0,0.0382826294679182,0.2631510113476534,0.2631510113476534,0.0,0.2631510113476534,0.2631510113476534,0.0
cui2023_003,Kim et al. PNAS 2023,10.1073/pnas.2214357120,2023,cui_pnas_2023_dataset_s01,1_m_libf4_ec_dmc_1_1_v_2_vc,Li|Cu,LiBF4,,,1.0,,,BF4,EC,0.5,DMC,0.5,VC,0.02,,,,,,0.6,0.44,80.0,,Cycle,50.0,,,,,,,no,pending,"Ota, H., Shima, K., Ue, M. & Yamaki, J. Effect of vinylene carbonate as additive to electrolyte for lithium metal anode. Electrochim. Acta 49, 565–572 (2004).",unsupported_species:VC,1 M LiBF4 EC-DMC (1:1 v) 2% VC,34.0,0.1426340432436073,0.9847837183017344,0.1448379381104925,1.1516640610825446,0.0375624020575031,0.01202153591049,0.025540866147013,0.2593409057566666,0.2593409057566666,0.0,0.2633480843934966,0.2633480843934966,0.0
cui2023_004,Kim et al. PNAS 2023,10.1073/pnas.2214357120,2023,cui_pnas_2023_dataset_s01,1m_litfpfb_pc,Li|Cu,LiTFPFB,,,1.0,,,TFPFB,PC,1.0,,,,,,,,,,0.5,1.0,80.6,,Cycle,50.0,,,,,,,no,pending,"Qiao, L. et al. A promising bulky anion based lithium borate salt for lithium metal batteries. Chem. Sci. 9, 3451–3458 (2018).",unsupported_species:TFPFB,1M LiTFPFB PC,21.0,0.239912389958686,0.7250091260459701,0.3309094759497883,0.98491421516788,0.070253769100123,0.0,0.070253769100123,0.2123050991467625,0.2064506183884189,0.0058544807583435,0.2928309334595894,0.2752674911845586,0.0175634422750307
cui2023_005,Kim et al. PNAS 2023,10.1073/pnas.2214357120,2023,cui_pnas_2023_dataset_s01,1_m_lipf6_ec_emc_3_7_wt_2_wt_vc,Li|Cu,LiPF6,,,1.0,,,PF6,EC,0.2462065589818893,EMC,0.7537934410181106,VC,0.02,,,,,,0.5,1.0,82.0,,Aurbach,10.0,,,,,,,no,pending,"Chen, S. et al. High-Efficiency Lithium Metal Batteries with Fire-Retardant Electrolytes. Joule 2, 1548–1558 (2018).",unsupported_species:VC,1 M LiPF6 EC-EMC (3:7 wt) 2% wt VC,13.0,0.1458090023074853,0.8229825802430556,0.1771714320665485,0.993093082935122,0.0382949716284363,0.0,0.0382949716284363,0.2161464248595795,0.2161464248595795,0.0,0.262637910022037,0.262637910022037,0.0
cui2023_006,Kim et al. PNAS 2023,10.1073/pnas.2214357120,2023,cui_pnas_2023_dataset_s01,1_m_litfsi_ec_dmc_1_1_v_2_vc,Li|Cu,LiTFSI,,,1.0,,,TFSI,EC,0.5,DMC,0.5,VC,0.02,,,,,,0.6,0.44,82.0,,Cycle,50.0,,,,,,,no,pending,"Ota, H., Shima, K., Ue, M. & Yamaki, J. Effect of vinylene carbonate as additive to electrolyte for lithium metal anode. Electrochim. Acta 49, 565–572 (2004).",unsupported_species:VC,1 M LiTFSI EC-DMC (1:1 v) 2% VC,34.0,0.1387494745805952,1.0462498248601984,0.132616007461827,1.2543740367310914,0.0364234489352111,0.0,0.0364234489352111,0.2746534874057003,0.2503711881155596,0.0242822992901407,0.2625123377606299,0.2503711881155596,0.0121411496450703
cui2023_007,Kim et al. PNAS 2023,10.1073/pnas.2214357120,2023,cui_pnas_2023_dataset_s01,1m_lipf6_ec_dmc_3_7_v_v,Li|Cu,LiPF6,,,1.0,,,PF6,EC,0.3,DMC,0.7,,,,,,,,0.4,0.8,83.3,,Aurbach,10.0,,,,,,,yes,pending,"Zheng, H. et al. Lithium Difluorophosphate-Based Dual-Salt Low Concentration Electrolytes for Lithium Metal Batteries. Adv. Energy Mater. 10, 2001440 (2020).",,1M LiPF6 EC-DMC (3:7 v/v),1.0,0.1561055090732374,1.0,0.1561055090732374,1.182123093918777,0.0392802526692617,0.0,0.0392802526692617,0.2516263064798906,0.2516263064798906,0.0,0.2516263064798906,0.2516263064798906,0.0
cui2023_008,Kim et al. PNAS 2023,10.1073/pnas.2214357120,2023,cui_pnas_2023_dataset_s01,1m_lipf6_ec_dec_1_2_w_w,Li|Cu,LiPF6,,,1.0,,,PF6,EC,0.2667578659370725,DEC,0.7332421340629275,,,,,,,,1.0,1.0,83.7,,Cycle,40.0,,,,,,,yes,pending,"Genovese, M. et al. Combinatorial Methods for Improving Lithium Metal Cycling Efficiency. J. Electrochem. Soc. 165, A3000–A3013 (2018).",,1M LiPF6 EC-DEC (1:2 w/w),10.0,0.1419944987430708,0.7135544441110758,0.1989960260425022,0.8792146926446586,0.038236109961216,0.0,0.038236109961216,0.1921450931540182,0.1921450931540182,0.0,0.2692788122052644,0.2692788122052644,0.0
cui2023_009,Kim et al. PNAS 2023,10.1073/pnas.2214357120,2023,cui_pnas_2023_dataset_s01,1_5_m_liasf6_pc,Li|Cu,LiAsF6,,,1.5,,,AsF6,PC,1.0,,,,,,,,,,1.0,1.0,85.0,,Cycle,,,,,,,,no,pending,"Aurbach, D. & Zaban, A. Impedance spectroscopy of lithium electrodes: Part 1. General behavior in propylene carbonate solutions and the correlation to surface chemistry and cycling efficiency. J. Electroanal. Chem. 348, 155–179 (1993).",unsupported_species:AsF6,1.5 M LiAsF6-PC,35.0,0.1914149999999999,0.75,0.25522,0.9733175,0.0546085552404699,0.0,0.0546085552404699,0.2139665983875477,0.2139665983875477,0.0,0.2852887978500636,0.2852887978500636,0.0
cui2023_010,Kim et al. PNAS 2023,10.1073/pnas.2214357120,2023,cui_pnas_2023_dataset_s01,1_m_libeti_ec_dmc_1_1_v_2_vc,Li|Cu,LiBETI,,,1.0,,,BETI,EC,0.5,DMC,0.5,VC,0.02,,,,,,0.6,0.44,86.0,,Cycle,50.0,,,,,,,no,pending,"Ota, H., Shima, K., Ue, M. & Yamaki, J. Effect of vinylene carbonate as additive to electrolyte for lithium metal anode. Electrochim. Acta 49, 565–572 (2004).",unsupported_species:BETI|VC,1 M LiBETI EC-DMC (1:1 v) 2% VC,34.0,0.221026679103045,1.0,0.2210266791030449,1.2873346828339585,0.0585723415344559,0.0,0.0585723415344559,0.2650012286849267,0.2415722920711443,0.0234289366137823,0.2650012286849267,0.2415722920711443,0.0234289366137823
cui2023_011,Kim et al. PNAS 2023,10.1073/pnas.2214357120,2023,cui_pnas_2023_dataset_s01,1_m_lipf6_ec_dmc_1_2_vol,Li|Cu,LiPF6,,,1.0,,,PF6,EC,0.333,DMC,0.667,,,,,,,,0.5,0.5,86.0,,Cycle,100.0,,,,,,,yes,pending,"Ma, Y. et al. Enabling reliable lithium metal batteries by a bifunctional anionic electrolyte additive. Energy Storage Mater. 11, 197–204 (2018).",,1 M LiPF6 EC-DMC (1:2 vol),36.0,0.1548646205138512,1.0,0.1548646205138512,1.1806753905994931,0.0392179675896959,0.0,0.0392179675896959,0.2532403299060051,0.2532403299060051,0.0,0.2532403299060051,0.2532403299060051,0.0
cui2023_012,Kim et al. PNAS 2023,10.1073/pnas.2214357120,2023,cui_pnas_2023_dataset_s01,1_m_lipf6_ec_dec_3_7_wt,Li|Cu,LiPF6,,,1.0,,,PF6,EC,0.2404438964241677,DEC,0.7595561035758323,,,,,,,,0.1,0.1,87.0,,Cycle,160.0,,,,,,,yes,pending,"Schedlbauer, T. et al. Lithium difluoro(oxalato)borate: A promising salt for lithium metal based secondary batteries? Electrochim. Acta 92, 102–107 (2013).",,1 M LiPF6 EC-DEC (3:7 wt),37.0,0.1423224490018803,0.7025894136548511,0.2025684506994245,0.8686322708237114,0.0382446348126403,0.0,0.0382446348126403,0.1887985749043842,0.1887985749043842,0.0,0.2687182175465172,0.2687182175465172,0.0
cui2023_013,Kim et al. PNAS 2023,10.1073/pnas.2214357120,2023,cui_pnas_2023_dataset_s01,1_m_lipf6_ec_dec_1_1_vol,Li|Cu,LiPF6,,,1.0,,,PF6,EC,0.5,DEC,0.5,,,,,,,,0.5,0.5,88.0,,Cycle,100.0,,,,,,,yes,pending,"Xu, L. et al. Self-leveling electrolyte enabled dendrite-free lithium deposition for safer and stable lithium metal batteries. Chem. Eng. J. 419, 129494 (2021).",,1 M LiPF6-EC/DEC (1:1 vol.),38.0,0.1391523567266217,0.808581579885922,0.1720943936742336,0.9709259960669808,0.0381607130732046,0.0,0.0127202376910682,0.2217429182814697,0.2217429182814697,0.0254404753821364,0.2742369153558434,0.2742369153558434,0.0
cui2023_014,Kim et al. PNAS 2023,10.1073/pnas.2214357120,2023,cui_pnas_2023_dataset_s01,0_6m_litfsi_0_4m_libob_ec_emc_5_5_wt,Li|Cu,LiTFSI,LiBOB,,0.6,0.4,,TFSI,EC,0.4325021496130696,EMC,0.5674978503869303,,,,,,,,0.5,1.0,88.1,,Aurbach,10.0,,,,,,,yes,pending,"Li, X. et al. Dendrite-Free and Performance-Enhanced Lithium Metal Batteries through Optimizing Solvent Compositions and Adding Combinational Additives. Adv. Energy Mater. 8, 1703022 (2018).",,0.6M LiTFSI 0.4M LiBOB EC-EMC (5:5 wt),7.0,0.0814760570422074,0.9392558336046142,0.0867453297889287,1.070522814394837,0.0221826299358415,0.0,0.0221826299358415,0.2557213165229416,0.2212150032894102,0.0345063132335313,0.2722594924340807,0.2550063358173149,0.0172531566167656
cui2023_015,Kim et al. PNAS 2023,10.1073/pnas.2214357120,2023,cui_pnas_2023_dataset_s01,1m_lipf6_ec_dec_1_1_w_w,Li|Cu,LiPF6,,,1.0,,,PF6,EC,0.4248366013071895,DEC,0.5751633986928105,,,,,,,,1.0,1.0,90.3,,Cycle,40.0,,,,,,,yes,pending,"Genovese, M. et al. Combinatorial Methods for Improving Lithium Metal Cycling Efficiency. J. Electrochem. Soc. 165, A3000–A3013 (2018).",,1M LiPF6 EC-DEC (1:1 w/w),10.0,0.1400557452898177,0.7783767459418648,0.1799331056843753,0.9417751154466522,0.0381849775908377,0.0,0.0381849775908377,0.2122176319115996,0.2122176319115996,0.0,0.2726412794549874,0.2726412794549874,0.0
cui2023_016,Kim et al. PNAS 2023,10.1073/pnas.2214357120,2023,cui_pnas_2023_dataset_s01,1_m_lipf6_ec_dmc_1_2_vol_2_ttfeb,Li|Cu,LiPF6,,,1.0,,,PF6,EC,0.333,DMC,0.667,,0.02,,,,,,0.5,0.5,91.0,,Cycle,100.0,,,,,,,no,pending,"Ma, Y. et al. Enabling reliable lithium metal batteries by a bifunctional anionic electrolyte additive. Energy Storage Mater. 11, 197–204 (2018).",unknown_tokens:TTFEB,1 M LiPF6 EC-DMC (1:2 vol) 2% TTFEB,36.0,0.1739387766669522,0.992909949272025,0.1751808175499495,1.1946568469288068,0.0440138816365565,0.0053822498844369,0.0386316317521196,0.2512482944886748,0.2512482944886748,0.0,0.2530423777834871,0.2530423777834871,0.0
cui2023_017,Kim et al. PNAS 2023,10.1073/pnas.2214357120,2023,cui_pnas_2023_dataset_s01,0_6m_litfsi_0_4m_libob_ec_emc_7_3_wt,Li|Cu,LiTFSI,LiBOB,,0.6,0.4,,TFSI,EC,0.6400654426467914,EMC,0.3599345573532084,,,,,,,,0.5,1.0,91.6,,Aurbach,10.0,,,,,,,yes,pending,"Li, X. et al. Dendrite-Free and Performance-Enhanced Lithium Metal Batteries through Optimizing Solvent Compositions and Adding Combinational Additives. Adv. Energy Mater. 8, 1703022 (2018).",,0.6M LiTFSI 0.4M LiBOB EC-EMC (7:3 wt),7.0,0.0791287883844928,0.98509309319726,0.0803262036156086,1.1125783633722766,0.0220432679379246,0.0,0.0220432679379246,0.2744218815993108,0.2401323536958724,0.0342895279034384,0.2785745667027625,0.2614298027510433,0.0171447639517192
cui2023_018,Kim et al. PNAS 2023,10.1073/pnas.2214357120,2023,cui_pnas_2023_dataset_s01,0_6m_litfsi_0_4m_libob_ec_emc_9_1_wt,Li|Cu,LiTFSI,LiBOB,,0.6,0.4,,TFSI,EC,0.8727588201272412,EMC,0.1272411798727588,,,,,,,,0.5,1.0,91.7,,Aurbach,10.0,,,,,,,yes,pending,"Li, X. et al. Dendrite-Free and Performance-Enhanced Lithium Metal Batteries through Optimizing Solvent Compositions and Adding Combinational Additives. Adv. Energy Mater. 8, 1703022 (2018).",,0.6M LiTFSI 0.4M LiBOB EC-EMC (9:1 wt),7.0,0.076653099936215,1.0334381233672256,0.0741728974410757,1.1569347843755722,0.0218891004784874,0.0,0.0218891004784874,0.2951091467860816,0.2610594349306568,0.0340497118554248,0.2855605382783198,0.2685356823506074,0.0170248559277124
cui2023_019,Kim et al. PNAS 2023,10.1073/pnas.2214357120,2023,cui_pnas_2023_dataset_s01,1_m_lipf6_fec_dmc_1_1_v,Li|Cu,LiPF6,,,1.0,,,PF6,FEC,0.5,EC,0.5,DMC,,,,,,,1.0,1.0,91.78,,Cycle,50.0,,,,,,,yes,pending,"Xu, L. et al. Self-leveling electrolyte enabled dendrite-free lithium deposition for safer and stable lithium metal batteries. Chem. Eng. J. 419, 129494 (2021).",,1 M LiPF6 FEC-DMC (1:1 v),38.0,0.3349148440560682,1.0,0.3349148440560682,1.3609681218326808,0.08696295308457,0.0463734716710645,0.0405894814135054,0.2596569086976972,0.2596569086976972,0.0,0.2596569086976972,0.2596569086976972,0.0
cui2023_020,Kim et al. PNAS 2023,10.1073/pnas.2214357120,2023,cui_pnas_2023_dataset_s01,1_m_lipf6_fec_ec_dec_2_9_9_vol,Li|Cu,LiPF6,,,1.0,,,PF6,FEC,0.1,EC,0.45,DEC,0.45,,,,,,0.5,1.0,92.2,,Cycle,150.0,,,,,,,yes,pending,"Gu, S. et al. Nitrate Additives Coordinated with Crown Ether Stabilize Lithium Metal Anodes in Carbonate Electrolyte. Adv. Funct. Mater. 31, 2102128 (2021).",,1 M LiPF6 FEC-EC-DEC (2:9:9 vol),39.0,0.1717405726269909,0.826925360582763,0.207685700322408,1.0219654285423558,0.0472449141186303,0.0087875138960155,0.0384574002226148,0.2274827493914509,0.2274827493914509,0.0,0.2750946581577035,0.2750946581577035,0.0
cui2023_021,Kim et al. PNAS 2023,10.1073/pnas.2214357120,2023,cui_pnas_2023_dataset_s01,1_m_litfsi_ec_dmc_1_1_v_5wt_fec,Li|Cu,LiTFSI,,,1.0,,,TFSI,EC,0.5,DMC,0.5,FEC,0.05,,,,,,0.5,0.5,92.2,,Cycle,50.0,,,,,,,yes,pending,"Liu, B. et al. Importance of oxygen in the metal-free catalytic growth of single-walled carbon nanotubes from SiO x by a vapor-solid-solid mechanism. J. Am. Chem. Soc. 133, 197–199 (2011).",,1 M LiTFSI EC-DMC (1:1 v) 5wt% FEC,40.0,0.1507150234799975,1.045087136966161,0.1442128777103852,1.2634328658954,0.0395419127487193,0.0040544425249806,0.0354874702237386,0.2741912745693154,0.2505329610868229,0.0236583134824924,0.2623621178280692,0.2505329610868229,0.0118291567412462
cui2023_022,Kim et al. PNAS 2023,10.1073/pnas.2214357120,2023,cui_pnas_2023_dataset_s01,3_57_m_litfsi_dme,Li|Cu,LiTFSI,,,3.57,0.0,,TFSI,DME,1.0,,,,,,,,,,1.0,1.0,92.8,,Aurbach,12.0,,,,,,,yes,pending,"Yang, H. et al. Dissolution–Precipitation Dynamics in Ester Electrolyte for High-Stability Lithium Metal Batteries. ACS Energy Lett. 6, 1413–1421 (2021).",,3.57 M LiTFSI DME,41.0,0.4690537390648834,0.7345268695324417,0.6385794155678151,1.4381074781297667,0.1014081449177812,0.0,0.1014081449177812,0.1588027149725937,0.0911972850274062,0.0676054299451875,0.2161972850274063,0.1823945700548125,0.0338027149725937
cui2023_023,Kim et al. PNAS 2023,10.1073/pnas.2214357120,2023,cui_pnas_2023_dataset_s01,1m_lifsi_ec_dec_v_1_1,Li|Cu,LiFSI,,,1.0,,,FSI,EC,0.5,DEC,0.5,,,,,,,,0.5,1.0,93.0,,Aurbach,10.0,,,,,,,yes,pending,,,1M LiFSI EC/DEC (v 1:1),,0.0463841189088739,0.9013498177036698,0.051460729228353,1.0173101149758546,0.0125604655833376,0.0,0.0125604655833376,0.2440786551547218,0.2189577239880464,0.0251209311666753,0.2707923720188356,0.2707923720188356,0.0
cui2023_024,Kim et al. PNAS 2023,10.1073/pnas.2214357120,2023,cui_pnas_2023_dataset_s01,0_1m_lidfp_0_4m_litfsi_ec_dmc_3_7_v_v,Li|Cu,LiTFSI,,,0.1,0.4,,TFSI,EC,0.3,DMC,0.7,,,,,,,,0.4,0.8,93.6,,Aurbach,10.0,,,,,,,no,pending,"Zheng, H. et al. Lithium Difluorophosphate-Based Dual-Salt Low Concentration Electrolytes for Lithium Metal Batteries. Adv. Energy Mater. 10, 2001440 (2020).",unknown_tokens:LIDFP,0.1M LiDFP 0.4M LiTFSI EC-DMC (3:7 v/v),1.0,0.066266446287446,1.025487094725941,0.0646194833930656,1.12488676415711,0.0171336115887372,0.0,0.0171336115887372,0.2651462173492991,0.2532844862494041,0.0118617310998949,0.2585563667382463,0.2532844862494041,0.0052718804888422
cui2023_025,Kim et al. PNAS 2023,10.1073/pnas.2214357120,2023,cui_pnas_2023_dataset_s01,0_84_m_litfsi_2_7m_lidfp_dme,Li|Cu,LiTFSI,,,0.84,2.7,,TFSI,DME,1.0,,,,,,,,,,1.0,1.0,93.9,,Aurbach,12.0,,,,,,,no,pending,"Yang, H. et al. Dissolution–Precipitation Dynamics in Ester Electrolyte for High-Stability Lithium Metal Batteries. ACS Energy Lett. 6, 1413–1421 (2021).",unknown_tokens:LIDFP,0.84 M LiTFSI 2.7M LiDFP DME,41.0,0.2596600939846138,0.6969835195745346,0.37254839848024,1.0864736605514556,0.0568176756439675,0.0,0.0568176756439675,0.1525108573161165,0.1048362559137069,0.0476746014024095,0.2188155860689718,0.2096725118274138,0.009143074241558
cui2023_026,Kim et al. PNAS 2023,10.1073/pnas.2214357120,2023,cui_pnas_2023_dataset_s01,1_m_lifsi_in_tetraglyme,Li|Cu,LiFSI,,,1.0,,,FSI,,1.0,,,,,,,,,,0.1,0.2,94.0,,Cycle,30.0,,,,,,,no,pending,"Amanchukwu, C. V. et al. A New Class of Ionically Conducting Fluorinated Ether Electrolytes with High Electrochemical Stability. J. Am. Chem. Soc. 142, 7393–7403 (2020).",unknown_tokens:IN|TETRAGLYME,1 M LiFSI in tetraglyme,42.0,0.0440586719524281,0.5881173439048563,0.0749147638801072,0.6982640237859267,0.0112386160700742,0.0,0.0112386160700742,0.1500187077684767,0.1275414756283282,0.0224772321401484,0.2550829512566564,0.2550829512566564,0.0
cui2023_027,Kim et al. PNAS 2023,10.1073/pnas.2214357120,2023,cui_pnas_2023_dataset_s01,1_m_lipf6_fec_dmc_1_1_v_0_25wt_12_crown_4,Li|Cu,LiPF6,,,1.0,,,PF6,FEC,0.5,EC,0.5,DMC,0.0025,,,,,,1.0,1.0,94.05,,Cycle,50.0,,,,,,,no,pending,"Xu, L. et al. Self-leveling electrolyte enabled dendrite-free lithium deposition for safer and stable lithium metal batteries. Chem. Eng. J. 419, 129494 (2021).",unknown_tokens:CROWN,1 M LiPF6 FEC-DMC (1:1 v) 0.25wt% 12-Crown-4,38.0,0.3338388000015344,0.9983935557446452,0.3343759563357186,1.3582019272459571,0.0867089581028968,0.0462380274540799,0.0404709306488169,0.2593157685531663,0.2593157685531663,0.0,0.2597330151633014,0.2597330151633014,0.0
cui2023_028,Kim et al. PNAS 2023,10.1073/pnas.2214357120,2023,cui_pnas_2023_dataset_s01,0_11_m_litfsi_3_9_m_lidfp_dme,Li|Cu,LiTFSI,,,0.11,3.9,,TFSI,DME,1.0,,,,,,,,,,1.0,1.0,94.3,,Aurbach,12.0,,,,,,,no,pending,"Yang, H. et al. Dissolution–Precipitation Dynamics in Ester Electrolyte for High-Stability Lithium Metal Batteries. ACS Energy Lett. 6, 1413–1421 (2021).",unknown_tokens:LIDFP,0.11 M LiTFSI 3.9 M LiDFP DME,41.0,0.2183428133769766,0.7098258951246833,0.3076005184885851,1.0373401151901482,0.0471925358643742,0.0,0.0471925358643742,0.1534215094833317,0.1074562026839885,0.0459653067993432,0.216139634433008,0.214912405367977,0.001227229065031
cui2023_029,Kim et al. PNAS 2023,10.1073/pnas.2214357120,2023,cui_pnas_2023_dataset_s01,1_m_lipf6_fec_ec_dec_2_9_9_vol_0_05_m_rbno3_0_05m_18_crown_6,Li|Cu,LiPF6,,,1.0,0.05,,PF6,FEC,0.1,EC,0.45,DEC,0.45,,,,,,0.5,1.0,94.4,,Cycle,150.0,,,,,,,no,pending,"Gu, S. et al. Nitrate Additives Coordinated with Crown Ether Stabilize Lithium Metal Anodes in Carbonate Electrolyte. Adv. Funct. Mater. 31, 2102128 (2021).",unknown_tokens:CROWN|RBNO3,1 M LiPF6 FEC-EC-DEC (2:9:9 vol) 0.05 M RbNO3 0.05M 18-crown-6,39.0,0.1693727922771127,0.8258647937381958,0.2050853766395144,1.0205136787582365,0.0465438482535568,0.0086571162406004,0.0378867320129563,0.2269486445899482,0.2260014762896243,0.0009471683003239,0.2748012099688709,0.2748012099688709,0.0
cui2023_030,Kim et al. PNAS 2023,10.1073/pnas.2214357120,2023,cui_pnas_2023_dataset_s01,0_1m_lidfp_0_4m_lifsi_ec_dmc_3_7_v_v,Li|Cu,LiFSI,,,0.1,0.4,,FSI,EC,0.3,DMC,0.7,,,,,,,,0.4,0.8,94.5,,Aurbach,10.0,,,,,,,no,pending,"Zheng, H. et al. Lithium Difluorophosphate-Based Dual-Salt Low Concentration Electrolytes for Lithium Metal Batteries. Adv. Energy Mater. 10, 2001440 (2020).",unknown_tokens:LIDFP,0.1M LiDFP 0.4M LiFSI EC-DMC (3:7 v/v),1.0,0.0260175848455395,1.0468316527219714,0.0248536474588713,1.1066720978667122,0.0066957481633545,0.0,0.0066957481633545,0.2694070628641078,0.2573547161700696,0.0120523466940381,0.2573547161700696,0.2573547161700696,0.0
cui2023_031,Kim et al. PNAS 2023,10.1073/pnas.2214357120,2023,cui_pnas_2023_dataset_s01,2m_litfsi_2m_lidfob_dme,Li|Cu,LiTFSI,LiDFOB,,2.0,2.0,,TFSI,DME,1.0,,,,,,,,,,0.5,1.0,94.6,,Aurbach,10.0,,,,,,,yes,pending,"Jiao, S. et al. Stable cycling of high-voltage lithium metal batteries in ether electrolytes. Nat. Energy 3, 739–746 (2018).",,2M LiTFSI 2M LiDFOB DME,17.0,0.3438907120506754,0.7579180340380066,0.4537307421206324,1.2737541021140195,0.0776300941519007,0.0,0.0776300941519007,0.171092868402691,0.0934627742507903,0.0776300941519007,0.225740595577531,0.1869255485015806,0.0388150470759503
cui2023_032,Kim et al. PNAS 2023,10.1073/pnas.2214357120,2023,cui_pnas_2023_dataset_s01,1_m_lipf6_fec_dmc_1_1_v_2wt_12_crown_4,Li|Cu,LiPF6,,,1.0,,,PF6,FEC,0.5,EC,0.5,DMC,0.02,,,,,,1.0,1.0,94.7,,Cycle,50.0,,,,,,,no,pending,"Xu, L. et al. Self-leveling electrolyte enabled dendrite-free lithium deposition for safer and stable lithium metal batteries. Chem. Eng. J. 419, 129494 (2021).",unknown_tokens:CROWN,1 M LiPF6 FEC-DMC (1:1 v) 2wt% 12-Crown-4,38.0,0.3264958369384749,0.987431122765965,0.3306517582957116,1.3393253165812151,0.0849717044760453,0.0453116274297855,0.0396600770462598,0.2569824667318197,0.2569824667318197,0.0,0.2602535617998017,0.2602535617998017,0.0
cui2023_033,Kim et al. PNAS 2023,10.1073/pnas.2214357120,2023,cui_pnas_2023_dataset_s01,2_2_m_litfsi_0_8_m_lidfp_dme,Li|Cu,LiTFSI,,,2.2,0.8,,TFSI,DME,1.0,,,,,,,,,,1.0,1.0,94.9,,Aurbach,12.0,,,,,,,no,pending,"Yang, H. et al. Dissolution–Precipitation Dynamics in Ester Electrolyte for High-Stability Lithium Metal Batteries. ACS Energy Lett. 6, 1413–1421 (2021).",unknown_tokens:LIDFP,2.2 M LiTFSI 0.8 M LiDFP DME,41.0,0.3447761008838504,0.691024596435647,0.4989346293348017,1.2081887477614226,0.0762471416811488,0.0,0.0762471416811488,0.1528199030458245,0.0992408305131253,0.0535790725326991,0.2211497301747004,0.1984816610262507,0.0226680691484496
cui2023_034,Kim et al. PNAS 2023,10.1073/pnas.2214357120,2023,cui_pnas_2023_dataset_s01,1_m_lipf6_ec_dec_1_1_vol_5_vol_fec,Li|Cu,LiPF6,,,1.0,,,PF6,EC,0.5,DEC,0.5,FEC,0.05,,,,,,0.5,0.5,95.0,,Cycle,100.0,,,,,,,yes,pending,"Zhang, X.-Q., Cheng, X.-B., Chen, X., Yan, C. & Zhang, Q. Fluoroethylene Carbonate Additives to Render Uniform Li Deposits in Lithium Metal Batteries. Adv. Funct. Mater. 27, 1605989 (2017).",,1 M LiPF6-EC/DEC (1:1 vol.) + 5 vol% FEC,15.0,0.147992106301661,0.817295568904966,0.1810753807217439,0.9874239566889412,0.0407441839605101,0.0041777177837831,0.0365664661767269,0.2250122783014944,0.2250122783014944,0.0,0.2753132243246734,0.2753132243246734,0.0
cui2023_035,Kim et al. PNAS 2023,10.1073/pnas.2214357120,2023,cui_pnas_2023_dataset_s01,0_02m_li2s5_0_15m_lino3_1m_litfsi_dol_dme_1_1_vol,Li|Cu,LiTFSI,LiNO3,,1.0,0.15,0.02,TFSI,DOL,0.5,DME,0.5,,,,,,,,0.5,0.5,95.0,,Cycle,100.0,,,,,,,no,pending,"Zhao, C.-Z. et al. Li2S5-based ternary-salt electrolyte for robust lithium metal anode. Energy Storage Mater. 3, 77–84 (2016).",unknown_tokens:LI2S5,0.02M Li2S5 0.15M LiNO3 1M LiTFSI DOL-DME (1:1 vol),11.0,0.1404262079490808,0.6644697586518395,0.2113357396941515,0.8809601625733392,0.0347536679925847,0.0,0.0347536679925847,0.1644476605939003,0.1386720234994,0.0257756370945003,0.247487050317463,0.2359024943199348,0.0115845559975282
cui2023_036,Kim et al. PNAS 2023,10.1073/pnas.2214357120,2023,cui_pnas_2023_dataset_s01,1_m_lifsi_in_deg_ftrieg,Li|Cu,LiFSI,,,1.0,,,FSI,,1.0,,,,,,,,,,0.1,0.2,95.0,,Cycle,30.0,,,,,,,no,pending,"Amanchukwu, C. V. et al. A New Class of Ionically Conducting Fluorinated Ether Electrolytes with High Electrochemical Stability. J. Am. Chem. Soc. 142, 7393–7403 (2020).",unknown_tokens:DEG|FTRIEG|IN,1 M LiFSI in DEG-FTriEG,42.0,0.5514842975206612,0.6029685950413223,0.9146152918343402,1.2316793388429752,0.1420464777669214,0.1287856049623967,0.0132608728045247,0.1553073505714462,0.1287856049623967,0.0265217456090494,0.2575712099247934,0.2575712099247934,0.0
cui2023_037,Kim et al. PNAS 2023,10.1073/pnas.2214357120,2023,cui_pnas_2023_dataset_s01,1_m_lidfob_ec_dec_3_7_wt,Li|Cu,LiDFOB,,,1.0,,,DFOB,EC,0.2404438964241677,DEC,0.7595561035758323,,,,,,,,0.1,0.1,95.0,,Cycle,500.0,,,,,,,yes,pending,"Schedlbauer, T. et al. Lithium difluoro(oxalato)borate: A promising salt for lithium metal based secondary batteries? Electrochim. Acta 92, 102–107 (2013).",,1 M LiDFOB EC-DEC (3:7 wt),37.0,0.0452921211338725,0.7613518910919642,0.0594890768169139,0.829290072792773,0.0125877404256483,0.0,0.0125877404256483,0.2115975083020523,0.1864220274507555,0.0251754808512967,0.2779234028020471,0.2653356623763988,0.0125877404256483
cui2023_038,Kim et al. PNAS 2023,10.1073/pnas.2214357120,2023,cui_pnas_2023_dataset_s01,1_m_lipf6_fec_emc_dmc_34_6_57_2_8_2_wt,Li|Cu,LiPF6,,,1.0,,,PF6,FEC,0.278628829745826,EC,0.6259312142878466,EMC,0.0954399559663273,DMC,,,,,1.0,1.0,95.0,,Cycle,100.0,,,,,,,yes,pending,"Huang, K. et al. Regulation of SEI Formation by Anion Receptors to Achieve Ultra-Stable Lithium-Metal Batteries. Angew. Chemie Int. Ed. 60, 19232–19240 (2021).",,1 M LiPF6 FEC-EMC-DMC (34.6:57.2:8.2 wt) ,43.0,0.2514363767088479,0.8451276887732866,0.297512884797102,1.1221685835499349,0.0652345229482593,0.0253763637589749,0.0398581591892843,0.219266210916371,0.219266210916371,0.0,0.2594474347830666,0.2594474347830666,0.0
cui2023_039,Kim et al. PNAS 2023,10.1073/pnas.2214357120,2023,cui_pnas_2023_dataset_s01,1_m_lipf6_in_ec_dec_0_15m_lidfp,Li|Cu,LiPF6,,,1.0,0.15,,PF6,EC,0.4248366013071895,DEC,0.5751633986928105,,,,,,,,0.5,1.0,95.2,,Aurbach,10.0,,,,,,,no,pending,"Shi, P. et al. Lithium Difluorophosphate as a Dendrite-Suppressing Additive for Lithium Metal Batteries. ACS Appl. Mater. Interfaces 10, 22201–22209 (2018).",unknown_tokens:IN|LIDFP,1 M LiPF6 in EC/DEC + 0.15M LiDFP,14.0,0.1470585325543086,0.7853795332063556,0.1872451806248808,0.9592820836078793,0.0398658847828189,0.0,0.0398658847828189,0.2129074011399237,0.2110090256740752,0.0018983754658485,0.2710885529073026,0.2710885529073026,0.0
cui2023_040,Kim et al. PNAS 2023,10.1073/pnas.2214357120,2023,cui_pnas_2023_dataset_s01,1_m_lipf6_fec_dmc_1_1_v_1_75wt_12_crown_4,Li|Cu,LiPF6,,,1.0,,,PF6,FEC,0.5,EC,0.5,DMC,0.0175,,,,,,1.0,1.0,95.35,,Cycle,50.0,,,,,,,no,pending,"Xu, L. et al. Self-leveling electrolyte enabled dendrite-free lithium deposition for safer and stable lithium metal batteries. Chem. Eng. J. 419, 129494 (2021).",unknown_tokens:CROWN,1 M LiPF6 FEC-DMC (1:1 v) 1.75wt% 12-Crown-4,38.0,0.327524992293278,0.988967566093378,0.331178699405753,1.3419709740330257,0.0852156092904021,0.0454416910097103,0.0397739182806918,0.2573100547931008,0.2573100547931008,0.0,0.2601804787284659,0.2601804787284659,0.0
cui2023_041,Kim et al. PNAS 2023,10.1073/pnas.2214357120,2023,cui_pnas_2023_dataset_s01,lifsi_1_4dme_3tfeb,Li|Cu,LiFSI,,,,,,FSI,DME,,,,,,,,,,,0.5,1.0,95.4,,Aurbach,10.0,,,,,,,yes,pending,"Cao, X. et al. Effects of fluorinated solvents on electrolyte solvation structures and electrode/electrolyte interphases for lithium metal batteries. Proc. Natl. Acad. Sci. 118, e2020357118 (2021).",,LiFSI-1.4DME-3TFEB,44.0,1.2288135593220335,0.6694915254237288,1.8354430379746831,2.1525423728813555,0.2700186219739292,0.2513966480446927,0.0186219739292364,0.1471135940409683,0.1098696461824953,0.0372439478584729,0.2197392923649906,0.2197392923649906,0.0
cui2023_042,Kim et al. PNAS 2023,10.1073/pnas.2214357120,2023,cui_pnas_2023_dataset_s01,1_m_lipf6_fec_dmc_1_1_v_1_5wt_12_crown_4,Li|Cu,LiPF6,,,1.0,,,PF6,FEC,0.5,EC,0.5,DMC,0.015,,,,,,1.0,1.0,95.58,,Cycle,50.0,,,,,,,no,pending,"Xu, L. et al. Self-leveling electrolyte enabled dendrite-free lithium deposition for safer and stable lithium metal batteries. Chem. Eng. J. 419, 129494 (2021).",unknown_tokens:CROWN,1 M LiPF6 FEC-DMC (1:1 v) 1.5wt% 12-Crown-4,38.0,0.3285606562144214,0.990513726168878,0.3317073227094315,1.3446333631055372,0.0854609183559894,0.0455725034143053,0.0398884149416841,0.2576395289013605,0.2576395289013605,0.0,0.2601069748905571,0.2601069748905571,0.0
cui2023_043,Kim et al. PNAS 2023,10.1073/pnas.2214357120,2023,cui_pnas_2023_dataset_s01,3m_litfsi_dme,Li|Cu,LiTFSI,,,3.0,,,TFSI,DME,1.0,,,,,,,,,,0.5,1.0,95.7,,Aurbach,10.0,,,,,,,yes,pending,"Jiao, S. et al. Stable cycling of high-voltage lithium metal batteries in ether electrolytes. Nat. Energy 3, 739–746 (2018).",,3M LiTFSI DME,17.0,0.4042544707829104,0.7021272353914552,0.5757567153160317,1.3085089415658209,0.0890623352893636,0.0,0.0890623352893636,0.1546874450964545,0.0953125549035454,0.0593748901929091,0.2203125549035454,0.1906251098070908,0.0296874450964545
cui2023_044,Kim et al. PNAS 2023,10.1073/pnas.2214357120,2023,cui_pnas_2023_dataset_s01,1_m_lipf6_fec_dmc_1_1_v_0_5wt_12_crown_4,Li|Cu,LiPF6,,,1.0,,,PF6,FEC,0.5,EC,0.5,DMC,0.005,,,,,,1.0,1.0,95.76,,Cycle,50.0,,,,,,,no,pending,"Xu, L. et al. Self-leveling electrolyte enabled dendrite-free lithium deposition for safer and stable lithium metal batteries. Chem. Eng. J. 419, 129494 (2021).",unknown_tokens:CROWN,1 M LiPF6 FEC-DMC (1:1 v) 0.5wt% 12-Crown-4,38.0,0.3327696482220488,0.9967974010825564,0.3338388000015344,1.355453450682811,0.0864564424999946,0.0461033721239383,0.0403530703760563,0.258976615359261,0.258976615359261,0.0,0.2598086783512913,0.2598086783512913,0.0
cui2023_045,Kim et al. PNAS 2023,10.1073/pnas.2214357120,2023,cui_pnas_2023_dataset_s01,1_m_lifsi_thf,Li|Cu,LiFSI,,,1.0,,,FSI,,1.0,,,,,,,,,,1.0,1.0,95.8,,Cycle,40.0,,,,,,,no,pending,"Xu, R. et al. Designing and Demystifying the Lithium Metal Interface toward Highly Reversible Batteries. Adv. Mater. 33, 2105962 (2021).",unknown_tokens:THF,1 M LiFSI THF,45.0,0.0405990990990991,0.3311981981981982,0.1225824878274352,0.4326959459459459,0.011757646122638,0.0,0.011757646122638,0.0959161975827229,0.0724009053374469,0.023515292245276,0.2896036213497877,0.2896036213497877,0.0
cui2023_046,Kim et al. PNAS 2023,10.1073/pnas.2214357120,2023,cui_pnas_2023_dataset_s01,6_m_lipf6_ec_dec_1_1_vol,Li|Cu,LiPF6,,,6.0,,,PF6,EC,0.5,DEC,0.5,,,,,,,,0.5,1.0,96.0,,Cycle,90.0,,,,,,,yes,pending,"Yuan, S. et al. Revisiting the designing criteria of advanced solid electrolyte interphase on lithium metal anode under practical condition. Nano Energy 83, 105847 (2021).",,6 M LiPF6 EC-DEC (1:1 vol),46.0,0.8349141403597302,0.808581579885922,1.0325663620454022,1.7826480769722737,0.1825282292192541,0.0,0.1825282292192541,0.1767714269305514,0.1767714269305514,0.0,0.2186191614153405,0.2186191614153405,0.0
cui2023_047,Kim et al. PNAS 2023,10.1073/pnas.2214357120,2023,cui_pnas_2023_dataset_s01,1_m_lifsi_fec,Li|Cu,LiFSI,,,1.0,,,FSI,FEC,1.0,EC,,,,,,,,,0.25,0.5,96.11,,Cycle,100.0,,,,,,,yes,pending,"Suo, L. et al. Fluorine-donating electrolytes enable highly reversible 5-V-class Li metal batteries. Proc. Natl. Acad. Sci. 115, 1156 LP – 1161 (2018).",,1 M LiFSI FEC,47.0,0.3819596515359926,1.0972526364053186,0.3481054762258953,1.5521517652453003,0.1067980980145558,0.093201901985444,0.0135961960291118,0.3067980980145559,0.2796057059563323,0.0271923920582236,0.2796057059563323,0.2796057059563323,0.0
cui2023_048,Kim et al. PNAS 2023,10.1073/pnas.2214357120,2023,cui_pnas_2023_dataset_s01,0_5_m_lifsi_0_5_m_lipo2f2_dme,Li|Cu,LiFSI,LiPO2F2,,0.5,0.5,,FSI,DME,1.0,,,,,,,,,,0.5,1.0,96.4,,Cycle,170.0,,,,,,,no,pending,"Dong, N. et al. A LiPO2F2/LiFSI dual-salt electrolyte enabled stable cycling of lithium metal batteries. J. Power Sources 400, 449–456 (2018).",unsupported_species:PO2F2,0.5 M LiFSI+0.5 M LiPO2F2/DME,4.0,0.0519124423963133,0.5778686635944701,0.0898343268406467,0.6816935483870968,0.0123376338904343,0.0,0.0123376338904343,0.1373376338904343,0.1188311830547828,0.0185064508356515,0.2376623661095656,0.2376623661095656,0.0
cui2023_049,Kim et al. PNAS 2023,10.1073/pnas.2214357120,2023,cui_pnas_2023_dataset_s01,3_25m_litfsi_sl,Li|Cu,LiTFSI,,,3.25,,,TFSI,SL,1.0,,,,,,,,,,0.5,1.0,96.5,,Cycle,100.0,,,,,,,yes,pending,"Fu, J. et al. Lithium Nitrate Regulated Sulfone Electrolytes for Lithium Metal Batteries. Angew. Chemie Int. Ed. 59, 22194–22201 (2020).",,3.25M LiTFSI SL,24.0,0.402275686840317,0.7011378434201585,0.5737469323835261,1.5210283997772744,0.0931217311161578,0.0,0.0931217311161578,0.1623045385694713,0.1002233844920327,0.0620811540774385,0.2314873460227847,0.2004467689840655,0.0310405770387192
cui2023_050,Kim et al. PNAS 2023,10.1073/pnas.2214357120,2023,cui_pnas_2023_dataset_s01,5m_litfsi_1_4_ea_dcm_vol,Li|Cu,LiTFSI,,,5.0,,,TFSI,,0.2,,0.8,,,,,,,,0.2,0.5,96.5,,Cycle,50.0,,,,,,,no,pending,"Dong, X. et al. High-Energy Rechargeable Metallic Lithium Battery at −70 °C Enabled by a Cosolvent Electrolyte. Angew. Chemie Int. Ed. 58, 5623–5627 (2019).",unknown_tokens:DCM|EA,5M LiTFSI 1-4 (EA-DCM vol),28.0,0.9766264091204666,0.7843989948975665,1.2450633102200783,3.064995447228933,0.1751267808748424,0.0,0.1751267808748424,0.1406569283965864,0.0239057411466914,0.1167511872498949,0.1793180885130464,0.1209424948880989,0.0583755936249474
cui2023_051,Kim et al. PNAS 2023,10.1073/pnas.2214357120,2023,cui_pnas_2023_dataset_s01,1_m_lipf6_fec_dmc_1_1_v_1_25wt_12_crown_4,Li|Cu,LiPF6,,,1.0,,,PF6,FEC,0.5,EC,0.5,DMC,0.0125,,,,,,1.0,1.0,96.75,,Cycle,50.0,,,,,,,no,pending,"Xu, L. et al. Self-leveling electrolyte enabled dendrite-free lithium deposition for safer and stable lithium metal batteries. Chem. Eng. J. 419, 129494 (2021).",unknown_tokens:CROWN,1 M LiPF6 FEC-DMC (1:1 v) 1.25wt% 12-Crown-4,38.0,0.3296028906398009,0.99206969546059,0.3322376362749147,1.3473126430229665,0.0857076438350177,0.0457040711291357,0.0400035727058819,0.2579709053916387,0.2579709053916387,0.0,0.260033046641819,0.260033046641819,0.0
cui2023_052,Kim et al. PNAS 2023,10.1073/pnas.2214357120,2023,cui_pnas_2023_dataset_s01,2_m_lifsi_fec,Li|Cu,LiFSI,,,2.0,,,FSI,FEC,1.0,EC,,,,,,,,,0.25,0.5,96.76,,Cycle,100.0,,,,,,,yes,pending,"Suo, L. et al. Fluorine-donating electrolytes enable highly reversible 5-V-class Li metal batteries. Proc. Natl. Acad. Sci. 115, 1156 LP – 1161 (2018).",,2 M LiFSI FEC,47.0,0.430585969738652,1.1945052728106371,0.3604722218810263,1.7709701971572671,0.1127307473465105,0.0872692526534894,0.0254614946930211,0.3127307473465105,0.2618077579604683,0.0509229893860422,0.2618077579604683,0.2618077579604683,0.0
cui2023_053,Kim et al. PNAS 2023,10.1073/pnas.2214357120,2023,cui_pnas_2023_dataset_s01,lifsi_1_2dme_3btfec,Li|Cu,LiFSI,,,,,,FSI,DME,,BTFE,,TFEC,,FEC,,EC,,,0.5,1.0,96.8,,Aurbach,10.0,,,,,,,no,pending,"Cao, X. et al. Effects of fluorinated solvents on electrolyte solvation structures and electrode/electrolyte interphases for lithium metal batteries. Proc. Natl. Acad. Sci. 118, e2020357118 (2021).",unsupported_species:BTFE|TFEC,LiFSI-1.2DME-3BTFEC,44.0,1.0101010101010102,0.7777777777777778,1.2987012987012987,1.9393939393939392,0.2403846153846154,0.2163461538461538,0.0240384615384615,0.1850961538461538,0.1370192307692307,0.048076923076923,0.2379807692307692,0.2379807692307692,0.0
cui2023_054,Kim et al. PNAS 2023,10.1073/pnas.2214357120,2023,cui_pnas_2023_dataset_s01,1_m_lipf6_fec_dmc_1_1_v_0_75wt_12_crown_4,Li|Cu,LiPF6,,,1.0,,,PF6,FEC,0.5,EC,0.5,DMC,0.0075,,,,,,1.0,1.0,96.82,,Cycle,50.0,,,,,,,no,pending,"Xu, L. et al. Self-leveling electrolyte enabled dendrite-free lithium deposition for safer and stable lithium metal batteries. Chem. Eng. J. 419, 129494 (2021).",unknown_tokens:CROWN,1 M LiPF6 FEC-DMC (1:1 v) 0.75wt% 12-Crown-4,38.0,0.3317073227094315,0.9952114374690126,0.333303366722772,1.3527225224555155,0.0862053933885625,0.045969498808416,0.0402358945801465,0.2586394318070738,0.2586394318070738,0.0,0.2598839021231877,0.2598839021231877,0.0
cui2023_055,Kim et al. PNAS 2023,10.1073/pnas.2214357120,2023,cui_pnas_2023_dataset_s01,1m_lipf6_fec_dec_1_1_w_w,Li|Cu,LiPF6,,,1.0,,,PF6,FEC,0.4013997529847674,EC,0.5986002470152326,DEC,,,,,,,1.0,1.0,97.0,,Cycle,40.0,,,,,,,yes,pending,"Genovese, M. et al. Combinatorial Methods for Improving Lithium Metal Cycling Efficiency. J. Electrochem. Soc. 165, A3000–A3013 (2018).",,1M LiPF6 FEC-DEC (1:1 w/w),10.0,0.2791178598823517,0.7602378314832817,0.3671454488627218,1.0636200803066806,0.0756972920947941,0.0362140027500061,0.039483289344788,0.206177939367833,0.206177939367833,0.0,0.2712018934463762,0.2712018934463762,0.0
cui2023_056,Kim et al. PNAS 2023,10.1073/pnas.2214357120,2023,cui_pnas_2023_dataset_s01,0_1_m_li2s5_5_lino3_in_1_m_litfsi_in_dol_dme_1_1_vol,Li|Cu,LiTFSI,LiNO3,,1.0,0.1,0.7772999999999999,TFSI,DOL,0.5,DME,0.5,,,,,,,,1.0,1.0,97.0,,Cycle,230.0,,,,,,,no,pending,"Zhao, C.-Z. et al. Li2S5-based ternary-salt electrolyte for robust lithium metal anode. Energy Storage Mater. 3, 77–84 (2016).",unknown_tokens:IN|LI2S5,0.1 M Li2S5 + 5% LiNO3 in 1 M LiTFSI in DOL/DME (1:1 vol),11.0,0.1404262079490808,0.7085144387750688,0.1981980892187037,0.94904814993425,0.034025150206438,0.0,0.034025150206438,0.1716724431631258,0.1357651350644349,0.0359073080986908,0.2422991456037588,0.2309574288682794,0.0113417167354793
cui2023_057,Kim et al. PNAS 2023,10.1073/pnas.2214357120,2023,cui_pnas_2023_dataset_s01,3_m_lifnsi_in_dol_dme,Li|Cu,,,,3.0,,,,DOL,0.5,DME,0.5,,,,,,,,0.5,1.5,97.0,,Cycle,180.0,,,,,,,no,pending,"Fang, Z. et al. Novel Concentrated Li[(FSO2)(n-C4F9SO2)N]-Based Ether Electrolyte for Superior Stability of Metallic Lithium Anode. ACS Appl. Mater. Interfaces 9, 4282–4289 (2017).",salt_not_parsed;unknown_tokens:IN|LIFNSI,3 M LiFNSI in DOL/DME,26.0,0.6032931719274949,0.7227621909726339,0.834704940937257,1.507043314478377,0.1371405705344346,0.0,0.1371405705344346,0.1642982613478302,0.1094420331340564,0.0548562282137738,0.2273199447894904,0.18617777362916,0.0411421711603304
cui2023_058,Kim et al. PNAS 2023,10.1073/pnas.2214357120,2023,cui_pnas_2023_dataset_s01,0_5_m_litfsi_0_5_m_lino3_dol_dme_1_1_v,Li|Cu,LiTFSI,LiNO3,,0.5,0.5,,TFSI,DOL,0.5,DME,0.5,,,,,,,,0.5,0.5,97.0,,Cycle,100.0,,,,,,,yes,pending,"May, R., Fritzsching, K. J., Livitz, D., Denny, S. R. & Marbella, L. E. Rapid Interfacial Exchange of Li Ions Dictates High Coulombic Efficiency in Li Metal Anodes. ACS Energy Lett. 6, 1162–1169 (2021).",,0.5 M LiTFSI 0.5 M LiNO3 DOL-DME (1:1 v),48.0,0.0718957792491235,0.6576269522515341,0.1093260837363373,0.7774532510000733,0.0180447169030797,0.0,0.0180447169030797,0.1650540866953426,0.1440019169750829,0.0210521697202596,0.2509843705922373,0.2449694649578774,0.0060149056343599
cui2023_059,Kim et al. PNAS 2023,10.1073/pnas.2214357120,2023,cui_pnas_2023_dataset_s01,1_m_liclo4_ec_es_1_1_vol,Li|Cu,LiClO4,,,1.0,,,ClO4,EC,0.5,,0.5,,,,,,,,0.5,0.5,97.0,,Cycle,450.0,,,,,,,no,pending,"Zhang, Y. et al. Solvent Molecule Cooperation Enhancing Lithium Metal Battery Performance at Both Electrodes. Angew. Chemie Int. Ed. 59, 7797–7802 (2020).",unknown_tokens:ES;unsupported_species:ClO4,1 M LiClO4 EC-ES (1:1 vol),49.0,0.0,0.6741590980192358,0.0,0.9134450965282822,0.0,0.0,0.0,0.1895120620882441,0.1608893577933064,0.0286227042949376,0.2811088104351842,0.2811088104351842,0.0
cui2023_060,Kim et al. PNAS 2023,10.1073/pnas.2214357120,2023,cui_pnas_2023_dataset_s01,1_m_lipf6_fec_ec_dec_2_9_9_vol_0_1_m_rbno3_0_1m_18_crown_6,Li|Cu,LiPF6,,,1.0,0.1,,PF6,FEC,0.1,EC,0.45,DEC,0.45,,,,,,0.5,1.0,97.1,,Cycle,150.0,,,,,,,no,pending,"Gu, S. et al. Nitrate Additives Coordinated with Crown Ether Stabilize Lithium Metal Anodes in Carbonate Electrolyte. Adv. Funct. Mater. 31, 2102128 (2021).",unknown_tokens:CROWN|RBNO3,1 M LiPF6 FEC-EC-DEC (2:9:9 vol) 0.1 M RbNO3 0.1M 18-crown-6,39.0,0.1670694130164346,0.824833073175744,0.2025493623493899,1.0191014150131614,0.0458632843512063,0.0085305319328374,0.0373327524183688,0.2264301591435962,0.2245635215226778,0.0018666376209184,0.2745163433757604,0.2745163433757604,0.0
cui2023_061,Kim et al. PNAS 2023,10.1073/pnas.2214357120,2023,cui_pnas_2023_dataset_s01,3_m_lifsi_fec,Li|Cu,LiFSI,,,3.0,,,FSI,FEC,1.0,EC,,,,,,,,,0.25,0.5,97.14,,Cycle,100.0,,,,,,,yes,pending,"Suo, L. et al. Fluorine-donating electrolytes enable highly reversible 5-V-class Li metal batteries. Proc. Natl. Acad. Sci. 115, 1156 LP – 1161 (2018).",,3 M LiFSI FEC,47.0,0.4792122879413113,1.291757909215956,0.370976856052055,1.9897886290692344,0.1179533248089057,0.0820466751910942,0.0359066496178114,0.3179533248089057,0.2461400255732827,0.0718132992356229,0.2461400255732827,0.2461400255732827,0.0
cui2023_062,Kim et al. PNAS 2023,10.1073/pnas.2214357120,2023,cui_pnas_2023_dataset_s01,1_m_lipf6_fec_dmc_1_1_v_0_1wt_12_crown_4,Li|Cu,LiPF6,,,1.0,,,PF6,FEC,0.5,EC,0.5,DMC,0.01,,,,,,1.0,1.0,97.24,,Cycle,50.0,,,,,,,no,pending,"Xu, L. et al. Self-leveling electrolyte enabled dendrite-free lithium deposition for safer and stable lithium metal batteries. Chem. Eng. J. 419, 129494 (2021).",unknown_tokens:CROWN,1 M LiPF6 FEC-DMC (1:1 v) 0.1wt% 12-Crown-4,38.0,0.3306517582957115,0.9936355676136543,0.3327696482220487,1.3500089750362745,0.085955798030553,0.0458364007148792,0.0401193973156737,0.2583042007881588,0.2583042007881588,0.0,0.2599586902957893,0.2599586902957893,0.0
cui2023_063,Kim et al. PNAS 2023,10.1073/pnas.2214357120,2023,cui_pnas_2023_dataset_s01,1m_lifsi_dme,Li|Cu,LiFSI,,,1.0,,,FSI,DME,1.0,,,,,,,,,,0.5,1.0,97.25,,Aurbach,10.0,,,,,,,yes,pending,"Kim, S. C. et al. Potentiometric Measurement to Probe Solvation Energy and Its Correlation to Lithium Battery Cyclability. J. Am. Chem. Soc. 143, 10301–10308 (2021).",,1M LiFSI DME,5.0,0.0519124423963133,0.6038248847926267,0.0859726780126688,0.7336059907834102,0.0121872717929299,0.0,0.0121872717929299,0.1417574987152787,0.1173829551294187,0.0243745435858599,0.2347659102588375,0.2347659102588375,0.0
cui2023_064,Kim et al. PNAS 2023,10.1073/pnas.2214357120,2023,cui_pnas_2023_dataset_s01,3_2m_lifsi_tep,Li|Cu,LiFSI,,,3.2,,,FSI,TEP,1.0,EP,,,,,,,,,0.5,1.0,97.3,,Aurbach,10.0,,,,,,,no,pending,"Chen, S. et al. High-Efficiency Lithium Metal Batteries with Fire-Retardant Electrolytes. Joule 2, 1548–1558 (2018).",unsupported_species:TEP,3.2M LiFSI TEP,13.0,0.1812467661691542,1.029160199004975,0.1761113248883792,1.648943781094527,0.0345919348850546,0.0,0.0345919348850546,0.1964208429354519,0.1272369731653425,0.0691838697701093,0.1908554597480138,0.1908554597480138,0.0
cui2023_065,Kim et al. PNAS 2023,10.1073/pnas.2214357120,2023,cui_pnas_2023_dataset_s01,1_m_litfsi_in_dol_dme_with_5wt_tms_fnfsi,Li|Cu,LiTFSI,,,1.0,0.1097057745751177,,TFSI,DOL,0.5,DME,0.5,TMS,,,,,,,0.5,1.0,97.3,,Cycle,110.0,,,,,,,no,pending,"Tong, B. et al. (CH3)3Si-N[(FSO2)(n-C4F9SO2)]: An additive for dendrite-free lithium metal anode. J. Power Sources 400, 225–231 (2018).",unknown_tokens:FNFSI|IN|WITH;unsupported_species:TMS,1 M LiTFSI in DOL/DME with 5wt% TMS-FNFSI,16.0,0.1631694799307087,0.6524810243323692,0.2500754410408591,0.8921907216039592,0.0404681438501652,0.0,0.0404681438501652,0.1618237427942925,0.1365131228018034,0.0253106199924891,0.2480129486675472,0.2322298713445132,0.0157830773230339
cui2023_066,Kim et al. PNAS 2023,10.1073/pnas.2214357120,2023,cui_pnas_2023_dataset_s01,lifsi_sl_1_3_molar,Li|Cu,LiFSI,,,,,,FSI,SL,,,,,,,,,,,1.0,0.5,97.3,,Cycle,350.0,,,,,,,no,pending,"Maeyoshi, Y. et al. Long-Term Stable Lithium Metal Anode in Highly Concentrated Sulfolane-Based Electrolytes with Ultrafine Porous Polyimide Separator. ACS Appl. Mater. Interfaces 11, 25833–25843 (2019).",unknown_tokens:MOLAR,LiFSI SL (1:3 molar),50.0,0.1666666666666666,0.8333333333333334,0.1999999999999999,1.5,0.0363636363636363,0.0,0.0363636363636363,0.1818181818181818,0.109090909090909,0.0727272727272727,0.2181818181818181,0.2181818181818181,0.0
cui2023_067,Kim et al. PNAS 2023,10.1073/pnas.2214357120,2023,cui_pnas_2023_dataset_s01,4_m_lifsi_fec,Li|Cu,LiFSI,,,4.0,,,FSI,FEC,1.0,EC,,,,,,,,,0.25,0.5,97.41,,Cycle,100.0,,,,,,,yes,pending,"Suo, L. et al. Fluorine-donating electrolytes enable highly reversible 5-V-class Li metal batteries. Proc. Natl. Acad. Sci. 115, 1156 LP – 1161 (2018).",,4 M LiFSI FEC,47.0,0.5278386061439707,1.389010545621275,0.3800105102210579,2.208607060981201,0.122586113631233,0.0774138863687669,0.045172227262466,0.322586113631233,0.2322416591063008,0.0903444545249321,0.2322416591063008,0.2322416591063008,0.0
cui2023_068,Kim et al. PNAS 2023,10.1073/pnas.2214357120,2023,cui_pnas_2023_dataset_s01,1m_lifsi_fec_dec_1_2_by_volume,Li|Cu,LiFSI,,,1.0,,,FSI,FEC,0.3333,EC,0.6667,DEC,,,,,,,0.5,1.0,97.43,,Aurbach,10.0,,,,,,,no,pending,"Kim, S. C. et al. Potentiometric Measurement to Probe Solvation Energy and Its Correlation to Lithium Battery Cyclability. J. Am. Chem. Soc. 143, 10301–10308 (2021).",unknown_tokens:BY|VOLUME,1M LiFSI FEC-DEC (1:2 by volume),5.0,0.1593695519725828,0.830057627162166,0.1919981779065651,1.0622037381254987,0.0424543148550565,0.0295297258051882,0.0129245890498682,0.2211183216317639,0.1952691435320274,0.0258491780997365,0.2663891209430025,0.2663891209430025,0.0
cui2023_069,Kim et al. PNAS 2023,10.1073/pnas.2214357120,2023,cui_pnas_2023_dataset_s01,1_m_lifsi_ec_etfec_3_7_vol,Li|Cu,LiFSI,,,1.0,,,FSI,EC,0.3,TFEC,0.7,FEC,,,,,,,0.25,0.5,97.5,,Aurbach,10.0,,,,,,,no,pending,"Chen, S. et al. High-Efficiency Lithium Metal Anode Enabled by a Concentrated/Fluorinated Ester Electrolyte. ACS Appl. Mater. Interfaces 12, 27794–27802 (2020).",unknown_tokens:ETFEC;unsupported_species:TFEC,1 M LiFSI/EC-ETFEC (3:7 vol),51.0,0.4436232364643726,0.8411019688490406,0.527430980896911,1.3617037764651383,0.1178505665871238,0.1042174240469199,0.0136331425402038,0.2234426320325659,0.1961763469521582,0.0272662850804077,0.2656546296501049,0.2656546296501049,0.0
cui2023_070,Kim et al. PNAS 2023,10.1073/pnas.2214357120,2023,cui_pnas_2023_dataset_s01,5_m_lifsi_pc,Li|Cu,LiFSI,,,5.0,,,FSI,PC,1.0,,,,,,,,,,0.5,1.0,97.5,,Cycle,100.0,,,,,,,yes,pending,"Fan, X. et al. Highly Fluorinated Interphases Enable High-Voltage Li-Metal Batteries. Chem 4, 174–185 (2018).",,5 M LiFSI PC,52.0,0.2126833333333333,1.175366666666667,0.1809506253367743,1.7070749999999997,0.0493073935974961,0.0,0.0493073935974961,0.2724908715055737,0.1738760843105813,0.0986147871949923,0.2318347790807751,0.2318347790807751,0.0
cui2023_071,Kim et al. PNAS 2023,10.1073/pnas.2214357120,2023,cui_pnas_2023_dataset_s01,1_m_lifsi_1_4_dioxolane,Li|Cu,LiFSI,,,1.0,,,FSI,,1.0,,,,,,,,,,1.0,1.0,97.5,,Cycle,40.0,,,,,,,no,pending,"Xu, R. et al. Designing and Demystifying the Lithium Metal Interface toward Highly Reversible Batteries. Adv. Mater. 33, 2105962 (2021).",unknown_tokens:DIOXOLANE,"1 M LiFSI 1,4-Dioxolane",45.0,0.0385396226415094,0.4770792452830188,0.0807824339930077,0.5734283018867924,0.0107272087515033,0.0,0.0107272087515033,0.1327913535315341,0.1113369360285274,0.0214544175030066,0.2783423400713187,0.2783423400713187,0.0
cui2023_072,Kim et al. PNAS 2023,10.1073/pnas.2214357120,2023,cui_pnas_2023_dataset_s01,1m_lipf6_fec_tfec_1_1_w_w,Li|Cu,LiPF6,,,1.0,,,PF6,FEC,0.50944669365722,EC,0.49055330634278,TFEC,,,,,,,1.0,1.0,97.6,,Cycle,40.0,,,,,,,no,pending,"Genovese, M. et al. Combinatorial Methods for Improving Lithium Metal Cycling Efficiency. J. Electrochem. Soc. 165, A3000–A3013 (2018).",unsupported_species:TFEC,1M LiPF6 FEC-TFEC (1:1 w/w),10.0,0.8743121890639685,0.8244888772676571,1.060429331638075,1.7255851924111631,0.238582357380551,0.1947292347520632,0.0438531226284878,0.2249865693662077,0.2249865693662077,0.0,0.2728800540182053,0.2728800540182053,0.0
cui2023_073,Kim et al. PNAS 2023,10.1073/pnas.2214357120,2023,cui_pnas_2023_dataset_s01,1_m_lipf6_mtfp_fec_9_1_vol,Li|Cu,LiPF6,,,1.0,,,PF6,FEC,0.9,EC,0.1,,,,,,,,0.5,1.0,97.6,,Aurbach,10.0,,,,,,,no,pending,"Holoubek, J. et al. An All-Fluorinated Ester Electrolyte for Stable High-Voltage Li Metal Batteries Capable of Ultra-Low-Temperature Operation. ACS Energy Lett. 5, 1438–1447 (2020).",unknown_tokens:MTFP,1 M LiPF6 MTFP-FEC (9:1 vol),53.0,0.8705450281498964,0.5578362832882928,1.5605744090690383,1.4565049665865462,0.2349198710549498,0.1893842222780901,0.0455356487768596,0.1505342325811246,0.1505342325811246,0.0,0.2698537852248805,0.2698537852248805,0.0
cui2023_074,Kim et al. PNAS 2023,10.1073/pnas.2214357120,2023,cui_pnas_2023_dataset_s01,5_m_lifsi_fec,Li|Cu,LiFSI,,,5.0,,,FSI,FEC,1.0,EC,,,,,,,,,0.25,0.5,97.65,,Cycle,100.0,,,,,,,yes,pending,"Suo, L. et al. Fluorine-donating electrolytes enable highly reversible 5-V-class Li metal batteries. Proc. Natl. Acad. Sci. 115, 1156 LP – 1161 (2018).",,5 M LiFSI FEC,47.0,0.57646492434663,1.4862631820265932,0.3878619421632928,2.4274254928931684,0.1267236817570189,0.073276318242981,0.0534473635140379,0.3267236817570189,0.2198289547289431,0.1068947270280758,0.2198289547289431,0.2198289547289431,0.0
cui2023_075,Kim et al. PNAS 2023,10.1073/pnas.2214357120,2023,cui_pnas_2023_dataset_s01,6_m_lifsi_fec,Li|Cu,LiFSI,,,6.0,,,FSI,FEC,1.0,EC,,,,,,,,,0.25,0.5,97.67,,Cycle,100.0,,,,,,,yes,pending,"Suo, L. et al. Fluorine-donating electrolytes enable highly reversible 5-V-class Li metal batteries. Proc. Natl. Acad. Sci. 115, 1156 LP – 1161 (2018).",,6 M LiFSI FEC,47.0,0.6250912425492894,1.5835158184319118,0.3947489726804816,2.6462439248051353,0.1304414052558359,0.069558594744164,0.0608828105116718,0.3304414052558359,0.2086757842324922,0.1217656210233437,0.2086757842324922,0.2086757842324922,0.0
cui2023_076,Kim et al. PNAS 2023,10.1073/pnas.2214357120,2023,cui_pnas_2023_dataset_s01,1m_lifsi_dmb,Li|Cu,LiFSI,,,1.0,,,FSI,DMB,1.0,,,,,,,,,,0.5,1.0,97.7,,Aurbach,10.0,,,,,,,no,pending,"Yu, Z. et al. Molecular design for electrolyte solvents enabling energy-dense and long-cycling lithium metal batteries. Nat. Energy 1–8 (2020) doi:10.1038/s41560-020-0634-5.",unsupported_species:DMB,1M LiFSI DMB,3.0,0.0460171339563863,0.425367601246106,0.1081820378928249,0.5404104361370717,0.0118090989581147,0.0,0.0118090989581147,0.1091595165716318,0.0855413186554024,0.0236181979162294,0.2566239559662072,0.2566239559662072,0.0
cui2023_077,Kim et al. PNAS 2023,10.1073/pnas.2214357120,2023,cui_pnas_2023_dataset_s01,1_m_lipf6_ec_dmc_1_1_v_0_5_m_lino3_tegdme_70,Li|Cu,LiPF6,LiNO3,,0.3,0.35,,PF6,EC,0.15,DMC,0.15,DME,0.7,,,,,,0.5,1.0,97.7,,Cycle,80.0,,,,,,,no,pending,"Zhang, S. et al. Competitive Solvation Enhanced Stability of Lithium Metal Anode in Dual-Salt Electrolyte. Nano Lett. 21, 3310–3317 (2021).",unknown_tokens:TEGDME,"1 M LiPF6 EC-DMC (1:1 v), 0.5 M LiNO3 TEGDME, 70%",54.0,0.0628786845556115,0.6784574410320775,0.0926788929604187,0.7576845835721481,0.0158589618994966,0.0,0.0158589618994966,0.1711172996668151,0.162236281003097,0.0088810186637181,0.2522152301941142,0.2477747208622552,0.004440509331859
cui2023_078,Kim et al. PNAS 2023,10.1073/pnas.2214357120,2023,cui_pnas_2023_dataset_s01,7_m_lifsi_fec,Li|Cu,LiFSI,,,7.0,,,FSI,FEC,1.0,EC,,,,,,,,,0.25,0.5,97.74,,Cycle,100.0,,,,,,,yes,pending,"Suo, L. et al. Fluorine-donating electrolytes enable highly reversible 5-V-class Li metal batteries. Proc. Natl. Acad. Sci. 115, 1156 LP – 1161 (2018).",,7 M LiFSI FEC,47.0,0.6737175607519487,1.6807684548372306,0.4008390083791721,2.8650623567171025,0.13380010180397,0.06619989819603,0.0676002036079399,0.3338001018039699,0.19859969458809,0.1352004072158799,0.19859969458809,0.19859969458809,0.0
cui2023_079,Kim et al. PNAS 2023,10.1073/pnas.2214357120,2023,cui_pnas_2023_dataset_s01,1m_litfsi_dme_dol_1_1_3_lino3,Li|Cu,LiTFSI,LiNO3,,1.0,0.4663763909046928,,TFSI,DME,0.5,DOL,0.5,,,,,,,,0.5,1.0,97.8,,Cycle,350.0,,,,,,,yes,pending,"Qiu, F. et al. A Concentrated Ternary-Salts Electrolyte for High Reversible Li Metal Battery with Slight Excess Li. Adv. Energy Mater. 9, 1803372 (2019).",,1M LiTFSI DME-DOL (1:1) 3% LiNO3,12.0,0.1404262079490808,0.6866835270815207,0.2044991650606611,0.9082380836804292,0.034465817032538,0.0,0.034465817032538,0.1685376907153353,0.1375234576817016,0.0310142330336336,0.2454372124399703,0.2339486067624576,0.0114886056775126
cui2023_080,Kim et al. PNAS 2023,10.1073/pnas.2214357120,2023,cui_pnas_2023_dataset_s01,1_m_lifsi_fsa,Li|Cu,LiFSI,,,1.0,,,FSI,,1.0,,,,,,,,,,0.5,0.5,97.87,,Cycle,200.0,,,,,,,no,pending,"Xue, W. et al. FSI-inspired solvent and “full fluorosulfonyl” electrolyte for 4 V class lithium-metal batteries. Energy Environ. Sci. 13, 212–220 (2020).",unknown_tokens:FSA,1 M LiFSI FSA,55.0,0.5859074324324325,1.171814864864865,0.5,2.8865834459459463,0.0845521740805004,0.0721548911996872,0.0123972828808132,0.1691043481610009,0.1443097823993744,0.0247945657616265,0.1443097823993744,0.1443097823993744,0.0
cui2023_081,Kim et al. PNAS 2023,10.1073/pnas.2214357120,2023,cui_pnas_2023_dataset_s01,4_6_m_lifsi_2_3_m_litfsi_dme,Li|Cu,LiTFSI,LiFSI,,4.6,2.3,,TFSI,DME,1.0,,,,,,,,,,0.5,0.5,97.9,,Cycle,200.0,,,,,,,yes,pending,"Alvarado, J. et al. Bisalt ether electrolytes: a pathway towards lithium metal batteries with Ni-rich cathodes. Energy Environ. Sci. 12, 780–794 (2019).",,4.6 M LiFSI 2.3 M LiTFSI DME,56.0,0.4839280668701304,1.1828566046614724,0.4091181170760999,2.10231993171472,0.0957528778904736,0.0,0.0957528778904736,0.2340470243038946,0.1191435708353263,0.1149034534685683,0.1978659318310842,0.1787153562529895,0.0191505755780947
cui2023_082,Kim et al. PNAS 2023,10.1073/pnas.2214357120,2023,cui_pnas_2023_dataset_s01,1_m_lipf6_ec_dmc_1_1_v_0_5_m_lino3_tegdme_50,Li|Cu,LiPF6,LiNO3,,0.5,0.25,,PF6,EC,0.25,DMC,0.25,DME,0.5,,,,,,0.5,1.0,97.9,,Cycle,200.0,,,,,,,no,pending,"Zhang, S. et al. Competitive Solvation Enhanced Stability of Lithium Metal Anode in Dual-Salt Electrolyte. Nano Lett. 21, 3310–3317 (2021).",unknown_tokens:TEGDME,"1 M LiPF6 EC-DMC (1:1 v), 0.5 M LiNO3 TEGDME, 50%",54.0,0.0761146425378899,0.7746600050534381,0.0982555470030227,0.8698033082258004,0.0193035039758558,0.0,0.0193035039758558,0.1964622310357902,0.1916363550418262,0.0048258759939639,0.2536109128574899,0.2536109128574899,0.0
cui2023_083,Kim et al. PNAS 2023,10.1073/pnas.2214357120,2023,cui_pnas_2023_dataset_s01,1_m_lipf6_fec_emc_dmc_34_6_57_2_8_2_wt_1wt_tmsb,Li|Cu,LiPF6,,,1.0,0.01,,PF6,FEC,0.3863731762282948,EC,0.531554576832353,EMC,0.0820722469393522,DMC,,TMS,,,1.0,1.0,97.9,,Cycle,100.0,,,,,,,no,pending,"Huang, K. et al. Regulation of SEI Formation by Anion Receptors to Achieve Ultra-Stable Lithium-Metal Batteries. Angew. Chemie Int. Ed. 60, 19232–19240 (2021).",unknown_tokens:TMSB;unsupported_species:TMS,1 M LiPF6 FEC-EMC-DMC (34.6:57.2:8.2 wt) 1wt% TMSB,43.0,0.2849777805908344,0.8657244408902394,0.3291783934132514,1.1782783259367064,0.0748035501624724,0.0350749188293811,0.0397286313330912,0.2272431959668866,0.2272431959668866,0.0,0.2624890614537906,0.2624890614537906,0.0
cui2023_084,Kim et al. PNAS 2023,10.1073/pnas.2214357120,2023,cui_pnas_2023_dataset_s01,lifsi_sl_1_2_5_molar,Li|Cu,LiFSI,,,,,,FSI,SL,,,,,,,,,,,1.0,0.5,98.0,,Cycle,450.0,,,,,,,no,pending,"Maeyoshi, Y. et al. Long-Term Stable Lithium Metal Anode in Highly Concentrated Sulfolane-Based Electrolytes with Ultrafine Porous Polyimide Separator. ACS Appl. Mater. Interfaces 11, 25833–25843 (2019).",unknown_tokens:MOLAR,LiFSI SL (1:2.5 molar),50.0,0.2,0.9,0.2222222222222222,1.65,0.0421052631578947,0.0,0.0421052631578947,0.1894736842105263,0.1052631578947368,0.0842105263157894,0.2105263157894736,0.2105263157894736,0.0
cui2023_085,Kim et al. PNAS 2023,10.1073/pnas.2214357120,2023,cui_pnas_2023_dataset_s01,1m_lifsi_fec_femc_d2_234_280_793_by_mol,Li|Cu,LiFSI,,,1.0,,,FSI,FEC,0.1,EC,0.2,FEMC,0.7,EMC,,D2,,,0.5,1.0,98.16,,Aurbach,10.0,,,,,,,no,pending,"Kim, S. C. et al. Potentiometric Measurement to Probe Solvation Energy and Its Correlation to Lithium Battery Cyclability. J. Am. Chem. Soc. 143, 10301–10308 (2021).",unknown_tokens:BY|MOL;unsupported_species:D2,1M LiFSI FEC-FEMC-D2 (234:280:793 by mol),5.0,1.4196949090002846,0.5793060510185924,2.450681995301168,2.0942291189461195,0.353771482621082,0.3379516484875217,0.0158198341335602,0.1443563397043713,0.1127166714372507,0.0316396682671205,0.2491883857428209,0.2491883857428209,0.0
cui2023_086,Kim et al. PNAS 2023,10.1073/pnas.2214357120,2023,cui_pnas_2023_dataset_s01,1_lifsi_3_tms,Li|Cu,LiFSI,,,,,,FSI,TMS,,,,,,,,,,,0.5,1.0,98.2,,Cycle,150.0,,,,,,,no,pending,"Ren, X. et al. Localized High-Concentration Sulfone Electrolytes for High-Efficiency Lithium-Metal Batteries. Chem 4, 1877–1892 (2018).",unsupported_species:TMS,1 LiFSI - 3 TMS,57.0,0.1666666666666666,0.8333333333333334,0.1999999999999999,1.5,0.0363636363636363,0.0,0.0363636363636363,0.1818181818181818,0.109090909090909,0.0727272727272727,0.2181818181818181,0.2181818181818181,0.0
cui2023_087,Kim et al. PNAS 2023,10.1073/pnas.2214357120,2023,cui_pnas_2023_dataset_s01,1_2m_lifsi_dmc_btfe_1_2_mol,Li|Cu,LiFSI,,,1.2,,,FSI,DMC,0.2422754453570001,BTFE,0.7577245546429999,,,,,,,,0.5,1.0,98.2,,Cycle,60.0,,,,,,,no,pending,"Yu, L. et al. A Localized High-Concentration Electrolyte with Optimized Solvents and Lithium Difluoro(oxalate)borate Additive for Stable Lithium Metal Batteries. ACS Energy Lett. 3, 2059–2067 (2018).",unknown_tokens:MOL;unsupported_species:BTFE,1.2M LiFSI DMC-BTFE (1:2 mol),58.0,1.1703546220687335,0.6022896256088567,1.9431757950099475,1.885124409663524,0.2791628377048557,0.2612763608977995,0.0178864768070562,0.1436631921938007,0.1078902385796883,0.0357729536141124,0.238528419028588,0.238528419028588,0.0
cui2023_088,Kim et al. PNAS 2023,10.1073/pnas.2214357120,2023,cui_pnas_2023_dataset_s01,4_6_m_lifsi_dme,Li|Cu,LiFSI,,,4.6,,,FSI,DME,1.0,,,,,,,,,,0.5,0.5,98.2,,Cycle,200.0,,,,,,,yes,pending,"Alvarado, J. et al. Bisalt ether electrolytes: a pathway towards lithium metal batteries with Ni-rich cathodes. Energy Environ. Sci. 12, 780–794 (2019).",,4.6 M LiFSI DME,56.0,0.2387972350230415,0.977594470046083,0.2442702391839274,1.5745875576036867,0.045975716332696,0.0,0.045975716332696,0.188216609957457,0.096265177292065,0.091951432665392,0.19253035458413,0.19253035458413,0.0
cui2023_089,Kim et al. PNAS 2023,10.1073/pnas.2214357120,2023,cui_pnas_2023_dataset_s01,1_m_lifsi_methf,Li|Cu,LiFSI,,,1.0,,,FSI,,1.0,,,,,,,,,,1.0,1.0,98.2,,Cycle,40.0,,,,,,,no,pending,"Xu, R. et al. Designing and Demystifying the Lithium Metal Interface toward Highly Reversible Batteries. Adv. Mater. 33, 2105962 (2021).",unknown_tokens:METHF,1 M LiFSI MeTHF,45.0,0.0403419203747072,0.2806838407494145,0.1437272636251376,0.3815386416861826,0.0118593075530281,0.0,0.0118593075530281,0.082512581495735,0.0587939663896787,0.0237186151060563,0.2939698319483935,0.2939698319483935,0.0
cui2023_090,Kim et al. PNAS 2023,10.1073/pnas.2214357120,2023,cui_pnas_2023_dataset_s01,lifsi_dmc_1_1_5_mol,Li|Cu,LiFSI,,,,,,FSI,DMC,,,,,,,,,,,1.0,1.0,98.3,,Cycle,200.0,,,,,,,no,pending,"Piao, N. et al. Countersolvent Electrolytes for Lithium-Metal Batteries. Adv. Energy Mater. 10, 1903568 (2020).",unknown_tokens:MOL,LiFSI DMC (1:1.5 mol),25.0,0.4444444444444444,1.8888888888888888,0.2352941176470588,3.0,0.0714285714285714,0.0,0.0714285714285714,0.3035714285714285,0.1607142857142857,0.1428571428571428,0.1607142857142857,0.1607142857142857,0.0
cui2023_091,Kim et al. PNAS 2023,10.1073/pnas.2214357120,2023,cui_pnas_2023_dataset_s01,0_4m_litfsi_0_6m_lino3_dol_dme_1_1_vol,Li|Cu,LiTFSI,LiNO3,,0.4,0.6,,TFSI,DOL,0.5,DME,0.5,,,,,,,,0.5,1.0,98.34,,Cycle,250.0,,,,,,,yes,pending,"Chu, H. et al. Unraveling the Dual Functionality of High-Donor-Number Anion in Lean-Electrolyte Lithium-Sulfur Batteries. Adv. Energy Mater. 10, 2000493 (2020).",,0.4M LiTFSI 0.6M LiNO3 DOL-DME (1:1 vol),6.0,0.0577936312763823,0.658386105081338,0.0877807578719213,0.7595249598150071,0.0145319224791011,0.0,0.0145319224791011,0.1655479268053746,0.144961036626648,0.0205868901787266,0.2514450495350637,0.2466010753753633,0.0048439741597003
cui2023_092,Kim et al. PNAS 2023,10.1073/pnas.2214357120,2023,cui_pnas_2023_dataset_s01,1_m_lifsi_dmethf,Li|Cu,LiFSI,,,1.0,,,FSI,DME,1.0,,,,,,,,,,1.0,1.0,98.4,,Cycle,40.0,,,,,,,no,pending,"Xu, R. et al. Designing and Demystifying the Lithium Metal Interface toward Highly Reversible Batteries. Adv. Mater. 33, 2105962 (2021).",unknown_tokens:DMETHF,1 M LiFSI DMeTHF,45.0,0.040078431372549,0.2468235294117647,0.1623768668573244,0.3470196078431372,0.01190309806662,0.0,0.01190309806662,0.0733053808525506,0.0494991847193105,0.0238061961332401,0.296995108315863,0.296995108315863,0.0
cui2023_093,Kim et al. PNAS 2023,10.1073/pnas.2214357120,2023,cui_pnas_2023_dataset_s01,1_2m_lifsi_0_15m_lidfob_ec_emc_btfe_0_175_0_825_2_mol,Li|Cu,LiFSI,LiDFOB,,1.2,0.15,,FSI,EC,0.0327568743092422,EMC,0.2395373147852943,BTFE,0.7277058109054634,,,,,,0.5,1.0,98.5,,Cycle,200.0,,,,,,,no,pending,"Yu, L. et al. A Localized High-Concentration Electrolyte with Optimized Solvents and Lithium Difluoro(oxalate)borate Additive for Stable Lithium Metal Batteries. ACS Energy Lett. 3, 2059–2067 (2018).",unknown_tokens:MOL;unsupported_species:BTFE,1.2M LiFSI 0.15M LiDFOB EC-EMC-BTFE (0.175:0.825:2 mol),58.0,1.0863552871690445,0.5803436212664645,1.8719173389005763,1.778712579440798,0.2648799463414634,0.2452155452275785,0.0196644011138848,0.1415019460725942,0.1021731438448244,0.0393288022277697,0.243824418650108,0.2416394851930097,0.0021849334570983
cui2023_094,Kim et al. PNAS 2023,10.1073/pnas.2214357120,2023,cui_pnas_2023_dataset_s01,3_25m_litfsi_0_1m_lino3_sl,Li|Cu,LiTFSI,LiNO3,,3.25,0.1,,TFSI,SL,1.0,,,,,,,,,,0.5,1.0,98.5,,Cycle,100.0,,,,,,,yes,pending,"Fu, J. et al. Lithium Nitrate Regulated Sulfone Electrolytes for Lithium Metal Batteries. Angew. Chemie Int. Ed. 59, 22194–22201 (2020).",,3.25M LiTFSI 0.1M LiNO3 SL,24.0,0.402275686840317,0.7073267001407787,0.5687268510580081,1.5292802087381012,0.0928999105906518,0.0,0.0928999105906518,0.1633471506010823,0.0999846474802788,0.0633625031208035,0.2309359318241083,0.1999692949605577,0.0309666368635505
cui2023_095,Kim et al. PNAS 2023,10.1073/pnas.2214357120,2023,cui_pnas_2023_dataset_s01,3_m_litfsi_3wt_lino3_dol_dme_1_1_v,Li|Cu,LiTFSI,LiNO3,,3.0,0.4663763909046928,,TFSI,DOL,0.5,DME,0.5,,,,,,,,0.5,1.0,98.5,,Cycle,350.0,,,,,,,yes,pending,"Qiu, F. et al. A Concentrated Ternary-Salts Electrolyte for High Reversible Li Metal Battery with Slight Excess Li. Adv. Energy Mater. 9, 1803372 (2019).",,3 M LiTFSI 3wt% LiNO3 DOL-DME (1:1 v),12.0,0.3852157035218976,0.7991080002064516,0.4820571229700819,1.386912417129762,0.0873423770379953,0.0,0.0873423770379953,0.181186778238761,0.1161694564507612,0.0650173217879998,0.22673628369626,0.1976221580169282,0.0291141256793317
cui2023_096,Kim et al. PNAS 2023,10.1073/pnas.2214357120,2023,cui_pnas_2023_dataset_s01,1_m_litfsi_dol_dme_1_1_vol_2wt_lino3,Li|Cu,LiTFSI,LiNO3,,1.0,0.3109175939364618,,TFSI,DOL,0.5,DME,0.5,,,,,,,,0.5,1.0,98.5,,Cycle,150.0,,,,,,,yes,pending,"Yuan, S. et al. Revisiting the designing criteria of advanced solid electrolyte interphase on lithium metal anode under practical condition. Nano Energy 83, 105847 (2021).",,1 M LiTFSI DOL-DME (1:1 vol) 2wt% LiNO3,46.0,0.1404262079490808,0.6757682824062332,0.2078023068041312,0.8936844241133793,0.0346203975244413,0.0,0.0346203975244413,0.1666025659526175,0.1381402555866117,0.0284623103660057,0.2465380076131859,0.2349978751050388,0.0115401325081471
cui2023_097,Kim et al. PNAS 2023,10.1073/pnas.2214357120,2023,cui_pnas_2023_dataset_s01,lifsi_dmc_tte_1_1_5_1_5_mol,Li|Cu,LiFSI,,,,,,FSI,DMC,,TTE,,,,,,,,,0.5,1.0,98.6,,Aurbach,10.0,,,,,,,no,pending,"Piao, N. et al. Countersolvent Electrolytes for Lithium-Metal Batteries. Adv. Energy Mater. 10, 1903568 (2020).",unknown_tokens:MOL;unsupported_species:TTE,LiFSI DMC-TTE (1:1.5:1.5 mol),25.0,1.1666666666666667,0.8333333333333334,1.4,2.25,0.2545454545454545,0.2181818181818181,0.0363636363636363,0.1818181818181818,0.109090909090909,0.0727272727272727,0.2181818181818181,0.2181818181818181,0.0
cui2023_098,Kim et al. PNAS 2023,10.1073/pnas.2214357120,2023,cui_pnas_2023_dataset_s01,2m_lifsi_1m_litfsi_dol_dme_1_1_vol,Li|Cu,LiTFSI,LiFSI,,2.0,1.0,,TFSI,DOL,0.5,DME,0.5,,,,,,,,0.5,0.8,98.6,,Cycle,200.0,,,,,,,yes,pending,"Liu, P. et al. Concentrated dual-salt electrolytes for improving the cycling stability of lithium metal anodes. Chinese Phys. B 25, 78203 (2016).",,2M LiFSI 1M LiTFSI DOL-DME (1:1 vol),20.0,0.2340436799151347,0.8411727369877664,0.278234980312419,1.2858557288265224,0.0521502466302201,0.0,0.0521502466302201,0.1874323874433857,0.1248520914871215,0.0625802959562641,0.2228227083471342,0.2123926590210901,0.010430049326044
cui2023_099,Kim et al. PNAS 2023,10.1073/pnas.2214357120,2023,cui_pnas_2023_dataset_s01,lifsi_an_vc_0_52_1_0_09_molar,Li|Cu,LiFSI,,,,,,FSI,VC,,,,,,,,,,,1.0,1.0,98.6,,Aurbach,10.0,,,,,,,no,pending,"Peng, Z. et al. High-Power Lithium Metal Batteries Enabled by High-Concentration Acetonitrile-Based Electrolytes with Vinylene Carbonate Additive. Adv. Funct. Mater. 30, 2001285 (2020).",unknown_tokens:AN|MOLAR;unsupported_species:VC,LiFSI-AN-VC (0.52:1:0.09 molar),59.0,0.4581497797356828,1.0352422907488987,0.4425531914893617,2.6211453744493394,0.087248322147651,0.0,0.087248322147651,0.1971476510067114,0.0226510067114094,0.174496644295302,0.1904362416107383,0.1904362416107383,0.0
cui2023_100,Kim et al. PNAS 2023,10.1073/pnas.2214357120,2023,cui_pnas_2023_dataset_s01,1m_lifsi_2m_litfsi_dol_dme_1_1_vol,Li|Cu,LiTFSI,LiFSI,,1.0,2.0,,TFSI,DOL,0.5,DME,0.5,,,,,,,,0.5,1.0,98.7,,Cycle,200.0,,,,,,,yes,pending,"Liu, P. et al. Concentrated dual-salt electrolytes for improving the cycling stability of lithium metal anodes. Chinese Phys. B 25, 78203 (2016).",,1M LiFSI 2M LiTFSI DOL-DME (1:1 vol),20.0,0.3130095695786221,0.8035591489383646,0.3895289724373866,1.3177891561032438,0.070795154424239,0.0,0.070795154424239,0.1817455425234607,0.1210639815883987,0.060681560935062,0.2261756869591701,0.2059484999808161,0.020227186978354
cui2023_101,Kim et al. PNAS 2023,10.1073/pnas.2214357120,2023,cui_pnas_2023_dataset_s01,6_m_lifsi_dmc,Li|Cu,LiFSI,,,6.0,,,FSI,DMC,1.0,,,,,,,,,,0.5,1.0,98.7,,Cycle,200.0,,,,,,,yes,pending,"Fan, X. et al. Highly Fluorinated Interphases Enable High-Voltage Li-Metal Batteries. Chem 4, 174–185 (2018).",,6 M LiFSI DMC,52.0,0.3367401869158879,1.6734803738317758,0.2012214736315385,2.5153308411214956,0.0592466406645663,0.0,0.0592466406645663,0.2944349804984247,0.1759416991692921,0.1184932813291326,0.1759416991692921,0.1759416991692921,0.0
cui2023_102,Kim et al. PNAS 2023,10.1073/pnas.2214357120,2023,cui_pnas_2023_dataset_s01,3_m_lifsi_dol_dme_1_1_vol,Li|Cu,LiFSI,,,3.0,,,FSI,DOL,0.5,DME,0.5,,,,,,,,1.0,1.62,98.75,,Cycle,100.0,,,,,,,yes,pending,"Beyene, T. T. et al. Effects of Concentrated Salt and Resting Protocol on Solid Electrolyte Interface Formation for Improved Cycle Stability of Anode-Free Lithium Metal Batteries. ACS Appl. Mater. Interfaces 11, 31962–31971 (2019).",,3 M LiFSI DOL-DME (1:1 vol),60.0,0.3852157035218976,0.7691654152850591,0.5008229645623543,1.3469889705679057,0.0883419768761267,0.0,0.0883419768761267,0.1763936223518118,0.1174989711010606,0.0588946512507511,0.2293311930651989,0.1998838674398233,0.0294473256253755
cui2023_103,Kim et al. PNAS 2023,10.1073/pnas.2214357120,2023,cui_pnas_2023_dataset_s01,1_lifsi_3_tms_3_tte,Li|Cu,LiFSI,,,,,,FSI,TMS,,TTE,,,,,,,,,0.5,1.0,98.8,,Cycle,150.0,,,,,,,no,pending,"Ren, X. et al. Localized High-Concentration Sulfone Electrolytes for High-Efficiency Lithium-Metal Batteries. Chem 4, 1877–1892 (2018).",unsupported_species:TMS|TTE,1 LiFSI - 3 TMS- 3 TTE,57.0,0.9629629629629628,0.4814814814814814,2.0,1.6666666666666667,0.2385321100917431,0.2201834862385321,0.018348623853211,0.1192660550458715,0.0825688073394495,0.036697247706422,0.2477064220183486,0.2477064220183486,0.0
cui2023_104,Kim et al. PNAS 2023,10.1073/pnas.2214357120,2023,cui_pnas_2023_dataset_s01,1m_lifsi_0_3_m_lino3_fec_gbl_1_2_v_v,Li|Cu,LiFSI,LiNO3,,1.0,0.3,,FSI,FEC,0.333,EC,0.667,GBL,,,,,,,0.5,1.0,98.8,,Cycle,200.0,,,,,,,yes,pending,"Jie, Y. et al. Enabling High-Voltage Lithium Metal Batteries by Manipulating Solvation Structure in Ester Electrolyte. Angew. Chemie Int. Ed. 59, 3505–3510 (2020).",,1M LiFSI+0.3 M LiNO3-FEC/GBL (1:2 v/v),9.0,0.1348017382123737,0.7412135090036525,0.1818662727741912,0.9437710238269752,0.0404827500732151,0.0281506540320117,0.0123320960412034,0.2225962486374774,0.192382613336529,0.0302136353009483,0.3003132645770228,0.3003132645770228,0.0
cui2023_105,Kim et al. PNAS 2023,10.1073/pnas.2214357120,2023,cui_pnas_2023_dataset_s01,8_m_lifsi_pc,Li|Cu,LiFSI,,,8.0,,,FSI,PC,1.0,,,,,,,,,,0.5,1.0,98.8,,Cycle,200.0,,,,,,,yes,pending,"Fan, X. et al. Highly Fluorinated Interphases Enable High-Voltage Li-Metal Batteries. Chem 4, 174–185 (2018).",,8 M LiFSI PC,52.0,0.3402933333333333,1.4305866666666665,0.237869778365985,2.2813199999999996,0.0687257647565704,0.0,0.0687257647565704,0.2889218009478673,0.1514702714347264,0.1374515295131408,0.2019603619129685,0.2019603619129685,0.0
cui2023_106,Kim et al. PNAS 2023,10.1073/pnas.2214357120,2023,cui_pnas_2023_dataset_s01,1_m_lifsi_dol_dme_1_1_vol,Li|Cu,LiFSI,,,1.0,,,FSI,DOL,0.5,DME,0.5,,,,,,,,0.5,1.0,98.9,,Aurbach,10.0,,,,,,,yes,pending,"Holoubek, J. et al. Tailoring electrolyte solvation for Li metal batteries cycled at ultra-low temperature. Nat. Energy 6, 303–313 (2021).",,1 M LiFSI DOL-DME (1:1 vol),61.0,0.0491073908774235,0.6860509718687625,0.0715797993021683,0.8088194490623214,0.0120660994936343,0.0,0.0120660994936343,0.1685685013267254,0.1444363023394568,0.0241321989872686,0.2457084214421484,0.2457084214421484,0.0
cui2023_107,Kim et al. PNAS 2023,10.1073/pnas.2214357120,2023,cui_pnas_2023_dataset_s01,1_m_lifsi_dee,Li|Cu,LiFSI,,,1.0,,,FSI,DEE,1.0,,,,,,,,,,0.5,1.0,98.9,,Aurbach,10.0,,,,,,,no,pending,"Holoubek, J. et al. Tailoring electrolyte solvation for Li metal batteries cycled at ultra-low temperature. Nat. Energy 6, 303–313 (2021).",unsupported_species:DEE,1 M LiFSI DEE,61.0,0.0519484160358844,0.353896832071769,0.1467897175902087,0.4837678721614802,0.0129555505060215,0.0,0.0129555505060215,0.0882592508433692,0.0623481498313261,0.0259111010120431,0.2493925993253045,0.2493925993253045,0.0
cui2023_108,Kim et al. PNAS 2023,10.1073/pnas.2214357120,2023,cui_pnas_2023_dataset_s01,0_47m_lifsi_dol_btfe_1_4_w_w,Li|Cu,LiFSI,,,0.47,,,FSI,DOL,0.2487597448618001,BTFE,0.7512402551381998,,,,,,,,0.5,1.0,98.92,,Aurbach,10.0,,,,,,,no,pending,"Liu, H. et al. Ultrahigh coulombic efficiency electrolyte enables Li||SPAN batteries with superior cycling performance. Mater. Today 42, 17–28 (2021).",unsupported_species:BTFE,0.47M LiFSI DOL-BTFE (1:4 w/w),30.0,1.0545717896269668,0.4369817555024731,2.4133085108195056,1.5332071017335624,0.273024304640727,0.2658350148332331,0.0071892898074939,0.1131327815804263,0.0987542019654383,0.0143785796149879,0.2588958924620047,0.2588958924620047,0.0
cui2023_109,Kim et al. PNAS 2023,10.1073/pnas.2214357120,2023,cui_pnas_2023_dataset_s01,1m_lifsi_fdmb,Li|Cu,LiFSI,,,1.0,,,FSI,FDMB,1.0,DMB,,,,,,,,,0.5,1.0,98.98,,Aurbach,10.0,,,,,,,no,pending,"Kim, S. C. et al. Potentiometric Measurement to Probe Solvation Energy and Its Correlation to Lithium Battery Cyclability. J. Am. Chem. Soc. 143, 10301–10308 (2021).",unsupported_species:DMB|FDMB,1M LiFSI FDMB,5.0,0.7190468319559228,0.4380936639118457,1.641308448826622,1.2357107438016528,0.18303028603084,0.1696971396916,0.01333314633924,0.11151486252428,0.0848485698458,0.02666629267848,0.2545457095374,0.2545457095374,0.0
cui2023_110,Kim et al. PNAS 2023,10.1073/pnas.2214357120,2023,cui_pnas_2023_dataset_s01,2_2m_lifsi_tep_1_2_mr,Li|Cu,LiFSI,,,2.2,,,FSI,TEP,1.0,EP,,,,,,,,,0.2,1.0,99.0,,Cycle,140.0,,,,,,,no,pending,"Zeng, Z. et al. Non-flammable electrolytes with high salt-to-solvent ratios for Li-ion and Li-metal batteries. Nat. Energy 3, 674–681 (2018).",unknown_tokens:MR;unsupported_species:TEP,2.2M LiFSI TEP (= 1:2 MR),8.0,0.1246071517412935,0.9158809701492536,0.1360516877220271,1.3940655161691542,0.0251408136535714,0.0,0.0251408136535714,0.1847886937274725,0.1345070664203297,0.0502816273071428,0.2017605996304945,0.2017605996304945,0.0
cui2023_111,Kim et al. PNAS 2023,10.1073/pnas.2214357120,2023,cui_pnas_2023_dataset_s01,1_3_m_litfsi_0_04_m_lino3_sl_d2_1_2_wt,Li|Cu,LiTFSI,LiNO3,,1.3,0.04,,TFSI,SL,0.3357164358819988,D2,0.6642835641180012,,,,,,,,0.5,1.0,99.0,,Cycle,100.0,,,,,,,no,pending,"Fu, J. et al. Lithium Nitrate Regulated Sulfone Electrolytes for Lithium Metal Batteries. Angew. Chemie Int. Ed. 59, 22194–22201 (2020).",unsupported_species:D2,1.3 M LiTFSI 0.04 M LiNO3 SL-D2 (1:2 wt),24.0,1.1624731601166824,0.4748258654350836,2.4482094273687194,1.8420924597331363,0.286413808724921,0.2336766871871773,0.0527371215377437,0.1169890964077988,0.0810196750512864,0.0359694213565123,0.246383158382919,0.2288041178703378,0.0175790405125812
cui2023_112,Kim et al. PNAS 2023,10.1073/pnas.2214357120,2023,cui_pnas_2023_dataset_s01,1_2_m_lifsi_dee,Li|Cu,LiFSI,,,1.2,,,FSI,DEE,1.0,,,,,,,,,,0.5,1.0,99.0,,Aurbach,10.0,,,,,,,no,pending,"Yu, Z. et al. Rational solvent molecule tuning for high-performance lithium metal battery electrolytes. Nat. Energy (2022) doi:10.1038/s41560-021-00962-y.",unsupported_species:DEE,1.2 M LiFSI DEE,62.0,0.0561387173396674,0.4456107680126682,0.1259815098051479,0.5859575613618367,0.0142218378197963,0.0,0.0142218378197963,0.1128882948124126,0.0844446191728198,0.0284436756395927,0.2533338575184595,0.2533338575184595,0.0
cui2023_113,Kim et al. PNAS 2023,10.1073/pnas.2214357120,2023,cui_pnas_2023_dataset_s01,1_m_lifsi_dee,Li|Cu,LiFSI,,,1.0,,,FSI,DEE,1.0,,,,,,,,,,0.5,1.0,99.04,,Aurbach,10.0,,,,,,,no,pending,"Chen, Y. et al. Steric Effect Tuned Ion Solvation Enabling Stable Cycling of High-Voltage Lithium Metal Battery. J. Am. Chem. Soc. (2021) doi:10.1021/jacs.1c09006.",unsupported_species:DEE,1 M LiFSI DEE,63.0,0.0467822644497228,0.4268978622327791,0.1095865512304051,0.5438535233570864,0.0119936749329636,0.0,0.0119936749329636,0.1094447703509438,0.0854574204850165,0.0239873498659272,0.2563722614550496,0.2563722614550496,0.0
cui2023_114,Kim et al. PNAS 2023,10.1073/pnas.2214357120,2023,cui_pnas_2023_dataset_s01,4m_lifsi_dme,Li|Cu,LiFSI,,,4.0,,,FSI,DME,1.0,,,,,,,,,,0.2,1.0,99.1,,Cycle,,,,,,,,yes,pending,"Qian, J. et al. High rate and stable cycling of lithium metal anode. Nat. Commun. 6, (2015).",,4M LiFSI DME,18.0,0.2076497695852535,0.915299539170507,0.2268653710603161,1.4344239631336406,0.0412146711789993,0.0,0.0412146711789993,0.1816701728711241,0.0992408305131253,0.0824293423579987,0.1984816610262507,0.1984816610262507,0.0
cui2023_115,Kim et al. PNAS 2023,10.1073/pnas.2214357120,2023,cui_pnas_2023_dataset_s01,5_m_lifsi_ec_etfec_3_7_vol,Li|Cu,LiFSI,,,5.0,,,FSI,EC,0.3,TFEC,0.7,FEC,,,,,,,0.25,0.5,99.1,,Aurbach,10.0,,,,,,,no,pending,"Chen, S. et al. High-Efficiency Lithium Metal Anode Enabled by a Concentrated/Fluorinated Ester Electrolyte. ACS Appl. Mater. Interfaces 12, 27794–27802 (2020).",unknown_tokens:ETFEC;unsupported_species:TFEC,5 M LiFSI/EC-ETFEC (3:7 vol),51.0,0.6488994262023062,1.251654348324908,0.5184334054131876,2.28544663028584,0.1354507493001986,0.0818892639013346,0.053561485398864,0.2612693315783643,0.1541463607806361,0.1071229707977281,0.2087392033815259,0.2087392033815259,0.0
cui2023_116,Kim et al. PNAS 2023,10.1073/pnas.2214357120,2023,cui_pnas_2023_dataset_s01,2_m_lifsi_1_m_litfsi_3wt_lino3_dol_dme_1_1_v,Li|Cu,LiTFSI,LiFSI,LiNO3,2.0,1.0,,TFSI,DOL,0.5,DME,0.5,,,,,,,,0.5,1.0,99.1,,Cycle,450.0,,,,,,,yes,pending,"Qiu, F. et al. A Concentrated Ternary-Salts Electrolyte for High Reversible Li Metal Battery with Slight Excess Li. Adv. Energy Mater. 9, 1803372 (2019).",,2 M LiFSI 1 M LiTFSI 3wt% LiNO3 DOL-DME (1:1 v),12.0,0.2340436799151347,0.8739184710136284,0.2678095127611566,1.329516707527672,0.0515236763779436,0.0206094705511774,0.0309142058267662,0.1923892689498844,0.1645709705281209,0.0278182984217634,0.220145557430247,0.2098408221546583,0.0103047352755887
cui2023_117,Kim et al. PNAS 2023,10.1073/pnas.2214357120,2023,cui_pnas_2023_dataset_s01,lifsi_1_4tep_3tte,Li|Cu,LiFSI,,,,,,FSI,TEP,,EP,,TTE,,,,,,,0.5,1.0,99.1,,Aurbach,10.0,,,,,,,no,pending,"Ren, X. et al. Role of inner solvation sheath within salt–solvent complexes in tailoring electrode/electrolyte interphases for lithium metal batteries. Proc. Natl. Acad. Sci. 117, 28603–28613 (2020).",unsupported_species:TEP|TTE,LiFSI-1.4TEP-3TTE,64.0,1.1111111111111112,0.5384615384615384,2.0634920634920633,1.8376068376068375,0.2589641434262948,0.2390438247011952,0.0199203187250996,0.1254980079681275,0.0856573705179282,0.0398406374501992,0.2330677290836653,0.2330677290836653,0.0
cui2023_118,Kim et al. PNAS 2023,10.1073/pnas.2214357120,2023,cui_pnas_2023_dataset_s01,2_54m_lifsi_dme_btfe_1_4_w_w,Li|Cu,LiFSI,,,2.54,,,FSI,DME,0.2879409351927809,BTFE,0.712059064807219,,,,,,,,0.5,1.0,99.11,,Aurbach,10.0,,,,,,,no,pending,"Liu, H. et al. Ultrahigh coulombic efficiency electrolyte enables Li||SPAN batteries with superior cycling performance. Mater. Today 42, 17–28 (2021).",unsupported_species:BTFE,2.54M LiFSI DME-BTFE (1:4 w/w),30.0,1.1502984855326432,0.6412463466090134,1.793848014285864,2.0220575127401252,0.249941454691085,0.2165503100226099,0.0333911446684751,0.1393325703741894,0.0725502810372391,0.0667822893369503,0.2172839987486814,0.2172839987486814,0.0
cui2023_119,Kim et al. PNAS 2023,10.1073/pnas.2214357120,2023,cui_pnas_2023_dataset_s01,1m_lifsi_dmc_btfe_1_2_by_mol,Li|Cu,LiFSI,,,1.0,,,FSI,DMC,0.2450466662039999,BTFE,0.7549533337960002,,,,,,,,0.5,1.0,99.12,,Aurbach,10.0,,,,,,,no,pending,"Kim, S. C. et al. Potentiometric Measurement to Probe Solvation Energy and Its Correlation to Lithium Battery Cyclability. J. Am. Chem. Soc. 143, 10301–10308 (2021).",unknown_tokens:BY|MOL;unsupported_species:BTFE,1M LiFSI DMC-BTFE (1:2 by mol),5.0,1.1533723066484836,0.5794715170431417,1.990386537950605,1.8265384259120552,0.2792332906046099,0.2641108813362473,0.0151224092683626,0.1402909863388252,0.1100461678021,0.0302448185367252,0.2421016084702237,0.2421016084702237,0.0
cui2023_120,Kim et al. PNAS 2023,10.1073/pnas.2214357120,2023,cui_pnas_2023_dataset_s01,1_2m_lifsi_tep_btfe_1_3_mol,Li|Cu,LiFSI,,,1.2,,,FSI,TEP,0.3039902023183154,EP,0.6960097976816846,BTFE,,,,,,,0.5,1.0,99.2,,Aurbach,10.0,,,,,,,no,pending,"Chen, S. et al. High-Efficiency Lithium Metal Batteries with Fire-Retardant Electrolytes. Joule 2, 1548–1558 (2018).",unknown_tokens:MOL;unsupported_species:BTFE|TEP,1.2M LiFSI TEP-BTFE (1:3 mol),13.0,1.074528210443509,0.5379453097759068,1.9974673836102927,1.7798213914402348,0.2489013041956997,0.2316377567164721,0.0172635474792275,0.1246084447926387,0.0900813498341836,0.0345270949584551,0.2316377567164721,0.2316377567164721,0.0
cui2023_121,Kim et al. PNAS 2023,10.1073/pnas.2214357120,2023,cui_pnas_2023_dataset_s01,5_5m_lifsi_dmc,Li|Cu,LiFSI,,,5.5,,,FSI,DMC,1.0,,,,,,,,,,0.5,1.0,99.2,,Aurbach,10.0,,,,,,,yes,pending,"Chen, S. et al. High-Voltage Lithium-Metal Batteries Enabled by Localized High-Concentration Electrolytes. Adv. Mater. 30, 1–7 (2018).",,5.5M LiFSI DMC,23.0,0.3086785046728972,1.6173570093457943,0.19085365994596,2.3890532710280374,0.0556840424653077,0.0,0.0556840424653077,0.2917630318489808,0.1803949469183653,0.1113680849306154,0.1803949469183653,0.1803949469183653,0.0
cui2023_122,Kim et al. PNAS 2023,10.1073/pnas.2214357120,2023,cui_pnas_2023_dataset_s01,2m_lipf6_thf_mthf_1_1_vol,Li|Cu,LiPF6,,,2.0,,,PF6,,0.5,,0.5,,,,,,,,0.5,1.0,99.2,,Cycle,100.0,,,,,,,no,pending,"Chen, J. et al. Electrolyte design for Li metal-free Li batteries. Mater. Today 39, 118–126 (2020).",unknown_tokens:MTHF|THF,2M LiPF6 THF-MTHF (1:1 vol),22.0,0.2428206069735607,0.2249205660102677,1.0795838338877193,0.5082112741460886,0.0684255872232152,0.0,0.0684255872232152,0.0633814485502306,0.0633814485502306,0.0,0.281794811717383,0.281794811717383,0.0
cui2023_123,Kim et al. PNAS 2023,10.1073/pnas.2214357120,2023,cui_pnas_2023_dataset_s01,1_m_lipf6_fec_femc_d2_2_6_2_wt,Li|Cu,LiPF6,,,1.0,,,PF6,FEC,0.1875049589731661,EC,0.6291512546468851,FEMC,0.1833437863799486,EMC,,D2,,,0.2,1.0,99.2,,Cycle,500.0,,,,,,,no,pending,"Fan, X. et al. Non-flammable electrolyte enables Li-metal batteries with aggressive cathode chemistries. Nat. Nanotechnol. 13, 715–722 (2018).",unsupported_species:D2,1 M LiPF6 FEC-FEMC-D2 (2:6:2 wt),65.0,1.4123380176006606,0.521189434694791,2.7098362391550146,1.9643459020389809,0.3623686933265703,0.3149254840179994,0.0474432093085709,0.1337234656805551,0.1337234656805551,0.0,0.256573630965608,0.256573630965608,0.0
cui2023_124,Kim et al. PNAS 2023,10.1073/pnas.2214357120,2023,cui_pnas_2023_dataset_s01,lifsi_tep_1_1_molar,Li|Cu,LiFSI,,,,,,FSI,TEP,,EP,,,,,,,,,0.2,1.0,99.2,,Cycle,300.0,,,,,,,no,pending,"Xiao, L. et al. Stable Li Metal Anode with “Ion–Solvent-Coordinated” Nonflammable Electrolyte for Safe Li Metal Batteries. ACS Energy Lett. 4, 483–488 (2019).",unknown_tokens:MOLAR;unsupported_species:TEP,LiFSI-TEP 1:1 molar,66.0,0.3333333333333333,1.3333333333333333,0.25,2.3333333333333335,0.0555555555555555,0.0,0.0555555555555555,0.2222222222222222,0.1111111111111111,0.1111111111111111,0.1666666666666666,0.1666666666666666,0.0
cui2023_125,Kim et al. PNAS 2023,10.1073/pnas.2214357120,2023,cui_pnas_2023_dataset_s01,10_m_lifsi_dmc,Li|Cu,LiFSI,,,10.0,,,FSI,DMC,1.0,,,,,,,,,,0.5,1.0,99.2,,Cycle,200.0,,,,,,,yes,pending,"Fan, X. et al. Highly Fluorinated Interphases Enable High-Voltage Li-Metal Batteries. Chem 4, 174–185 (2018).",,10 M LiFSI DMC,52.0,0.5612336448598132,2.1224672897196264,0.2644251092010709,3.5255514018691594,0.0824595611457446,0.0,0.0824595611457446,0.3118446708593085,0.1469255485678191,0.1649191222914893,0.1469255485678191,0.1469255485678191,0.0
cui2023_126,Kim et al. PNAS 2023,10.1073/pnas.2214357120,2023,cui_pnas_2023_dataset_s01,4_5_m_lifsi_dme_1_1,Li|Cu,LiFSI,,,4.5,,,FSI,DME,1.0,,,,,,,,,,0.5,1.0,99.22,,Cycle,500.0,,,,,,,yes,pending,"Huang, F. et al. Enhancing metallic lithium battery performance by tuning the electrolyte solution structure. J. Mater. Chem. A 6, 1612–1620 (2018).",,4.5 M LiFSI/DME (1 : 1),19.0,0.2336059907834101,0.9672119815668204,0.2415251208995402,1.5512269585253458,0.0452021356041775,0.0,0.0452021356041775,0.1871529364557441,0.096748665247389,0.0904042712083551,0.193497330494778,0.193497330494778,0.0
cui2023_127,Kim et al. PNAS 2023,10.1073/pnas.2214357120,2023,cui_pnas_2023_dataset_s01,lifsi_dme_tte_1_1_2_3,Li|Cu,LiFSI,,,,,,FSI,DME,,TTE,,,,,,,,,0.5,1.0,99.3,,Aurbach,10.0,,,,,,,no,pending,"Ren, X. et al. Enabling High-Voltage Lithium-Metal Batteries under Practical Conditions. Joule 3, 1662–1676 (2019).",unsupported_species:TTE,LiFSI DME-TTE (1:1.2:3),67.0,1.3131313131313131,0.4747474747474747,2.765957446808511,1.9393939393939392,0.3125,0.2884615384615385,0.0240384615384615,0.1129807692307692,0.1129807692307692,0.048076923076923,0.2379807692307692,0.2379807692307692,0.0
cui2023_128,Kim et al. PNAS 2023,10.1073/pnas.2214357120,2023,cui_pnas_2023_dataset_s01,1m_litfsi_in_fdma_fec_1_1_by_vol,Li|Cu,LiTFSI,,,1.0,,,TFSI,FEC,0.5,EC,0.5,,,,,,,,1.0,1.0,99.3,,Cycle,100.0,,,,,,,no,pending,"Wang, Q. et al. Interface chemistry of an amide electrolyte for highly reversible lithium metal batteries. Nat. Commun. 11, 4188 (2020).",unknown_tokens:BY|FDMA|IN,1M LiTFSI in FDMA/FEC (1:1 by vol),27.0,0.7247464959948232,0.5663897777631391,1.2795896473574913,1.5213129046211695,0.1898150549887435,0.1531121489317211,0.0367029060570223,0.1483405679162337,0.1238719638782188,0.0244686040380148,0.2619054469910805,0.249671144972073,0.0122343020190074
cui2023_129,Kim et al. PNAS 2023,10.1073/pnas.2214357120,2023,cui_pnas_2023_dataset_s01,lifsi_dme_fb_1_1_2_3_molar,Li|Cu,LiFSI,,,,,,FSI,DME,,,,,,,,,,,1.0,1.0,99.3,,Cycle,500.0,,,,,,,no,pending,"Jiang, Z. et al. Fluorobenzene, A Low-Density, Economical, and Bifunctional Hydrocarbon Cosolvent for Practical Lithium Metal Batteries. Adv. Funct. Mater. 31, 2005991 (2021).",unknown_tokens:FB|MOLAR,LiFSI-DME-FB (1:1.2:3 molar),68.0,0.219298245614035,0.2807017543859649,0.78125,0.631578947368421,0.0766871165644172,0.0460122699386503,0.0306748466257668,0.098159509202454,0.0368098159509202,0.0613496932515337,0.3496932515337424,0.3496932515337424,0.0
cui2023_130,Kim et al. PNAS 2023,10.1073/pnas.2214357120,2023,cui_pnas_2023_dataset_s01,lifsi_tep_1_1_5_molar,Li|Cu,LiFSI,,,,,,FSI,TEP,,EP,,,,,,,,,0.2,1.0,99.3,,Cycle,300.0,,,,,,,no,pending,"Xiao, L. et al. Stable Li Metal Anode with “Ion–Solvent-Coordinated” Nonflammable Electrolyte for Safe Li Metal Batteries. ACS Energy Lett. 4, 483–488 (2019).",unknown_tokens:MOLAR;unsupported_species:TEP,LiFSI-TEP 1:1.5 molar,66.0,0.2222222222222222,1.1111111111111112,0.1999999999999999,1.8333333333333333,0.0408163265306122,0.0,0.0408163265306122,0.2040816326530612,0.1224489795918367,0.0816326530612244,0.1836734693877551,0.1836734693877551,0.0
cui2023_131,Kim et al. PNAS 2023,10.1073/pnas.2214357120,2023,cui_pnas_2023_dataset_s01,10_m_lifsi_ec_dmc,Li|Cu,LiFSI,,,10.0,,,FSI,EC,0.5,DMC,0.5,,,,,,,,0.5,1.0,99.3,,Cycle,240.0,,,,,,,yes,pending,"Fan, X. et al. Highly Fluorinated Interphases Enable High-Voltage Li-Metal Batteries. Chem 4, 174–185 (2018).",,10 M LiFSI EC-DMC,52.0,0.4962526714065123,1.9925053428130248,0.2490596440288091,3.2331370213293056,0.0812285786990745,0.0,0.0812285786990745,0.326141069605314,0.1636839122071648,0.1624571573981491,0.1636839122071648,0.1636839122071648,0.0
cui2023_132,Kim et al. PNAS 2023,10.1073/pnas.2214357120,2023,cui_pnas_2023_dataset_s01,1_33_m_lifsi_dme_tte_1_2_vol,Li|Cu,LiFSI,,,1.33,,,FSI,DME,0.333,TTE,0.667,,,,,,,,0.2,0.5,99.3,,Cycle,100.0,,,,,,,no,pending,"Park, K., Jo, Y., Koo, B., Lee, H. & Lee, H. Wide temperature cycling of Li-metal batteries with hydrofluoroether dilution of high-concentration electrolyte. Chem. Eng. J. 427, 131889 (2022).",unsupported_species:TTE,1.33 M LiFSI DME-TTE (1:2 vol),69.0,0.5518873241396554,0.5551128506645212,0.9941894219868904,1.215748785506375,0.1300808561728235,0.1129926912896508,0.0170881648831726,0.1308411187003544,0.0966647889340091,0.0341763297663453,0.2357018371016372,0.2357018371016372,0.0
cui2023_133,Kim et al. PNAS 2023,10.1073/pnas.2214357120,2023,cui_pnas_2023_dataset_s01,lifsi_2_2dmc_3tte,Li|Cu,LiFSI,,,,,,FSI,DMC,,TTE,,,,,,,,,0.5,1.0,99.3,,Aurbach,10.0,,,,,,,no,pending,"Ren, X. et al. Enabling High-Voltage Lithium-Metal Batteries under Practical Conditions. Joule 3, 1662–1676 (2019).",unsupported_species:TTE,LiFSI-2.2DMC-3TTE,32.0,1.2037037037037035,0.6296296296296297,1.9117647058823528,1.972222222222222,0.2876106194690265,0.2654867256637168,0.0221238938053097,0.1504424778761062,0.1061946902654867,0.0442477876106194,0.2389380530973451,0.2389380530973451,0.0
cui2023_134,Kim et al. PNAS 2023,10.1073/pnas.2214357120,2023,cui_pnas_2023_dataset_s01,1_2_m_lifsi_f3dee,Li|Cu,LiFSI,,,1.2,,,FSI,DEE,1.0,,,,,,,,,,0.5,1.0,99.3,,Aurbach,10.0,,,,,,,no,pending,"Yu, Z. et al. Rational solvent molecule tuning for high-performance lithium metal battery electrolytes. Nat. Energy (2022) doi:10.1038/s41560-021-00962-y.",unknown_tokens:F3DEE;unsupported_species:DEE,1.2 M LiFSI F3DEE,62.0,0.5643543925233645,0.4620421183800623,1.2214349516490248,1.1229280996884736,0.1414975746097286,0.1253623401220099,0.0161352344877187,0.1158453623901107,0.0835748934146733,0.0322704689754374,0.2507246802440199,0.2507246802440199,0.0
cui2023_135,Kim et al. PNAS 2023,10.1073/pnas.2214357120,2023,cui_pnas_2023_dataset_s01,1_2_m_lifsi_f6dee,Li|Cu,LiFSI,,,1.2,,,FSI,DEE,1.0,,,,,,,,,,0.5,1.0,99.3,,Aurbach,10.0,,,,,,,no,pending,"Yu, Z. et al. Rational solvent molecule tuning for high-performance lithium metal battery electrolytes. Nat. Energy (2022) doi:10.1038/s41560-021-00962-y.",unknown_tokens:F6DEE;unsupported_species:DEE,1.2 M LiFSI F6DEE,62.0,1.064606857142857,0.4625470476190476,2.301618532910114,1.6240641904761903,0.266838760561121,0.2506453521042036,0.0161934084569174,0.115935267615236,0.0835484507014012,0.0323868169138348,0.2506453521042036,0.2506453521042036,0.0
cui2023_136,Kim et al. PNAS 2023,10.1073/pnas.2214357120,2023,cui_pnas_2023_dataset_s01,4_m_lifsi_dee,Li|Cu,LiFSI,,,4.0,,,FSI,DEE,1.0,,,,,,,,,,0.5,1.0,99.38,,Aurbach,10.0,,,,,,,no,pending,"Chen, Y. et al. Steric Effect Tuned Ion Solvation Enabling Stable Cycling of High-Voltage Lithium Metal Battery. J. Am. Chem. Soc. (2021) doi:10.1021/jacs.1c09006.",unsupported_species:DEE,4 M LiFSI DEE,63.0,0.1871290577988915,0.7075914489311165,0.2644591848609358,1.1754140934283452,0.040659794381976,0.0,0.040659794381976,0.153746954953963,0.0724273661900108,0.0813195887639521,0.2172820985700326,0.2172820985700326,0.0
cui2023_137,Kim et al. PNAS 2023,10.1073/pnas.2214357120,2023,cui_pnas_2023_dataset_s01,1_28m_lifsi_fec_femc_d2,Li|Cu,LiFSI,,,1.28,,,FSI,FEC,0.1,EC,0.2,FEMC,0.7,EMC,,D2,,,,2.0,99.4,,Cycle,100.0,,,,,,,no,pending,"Fan, X. et al. All-temperature batteries enabled by fluorinated electrolytes with non-polar solvents. Nat. Energy 4, 882–890 (2019).",unsupported_species:D2,1.28M LiFSI FEC-FEMC-D2 ,33.0,1.437470832000037,0.6148578970180965,2.33789114358196,2.174220772445004,0.3504395816996277,0.3306289551648768,0.0198106265347508,0.1498955940107235,0.1102743409412218,0.0396212530695016,0.2437890035041899,0.2437890035041899,0.0
cui2023_138,Kim et al. PNAS 2023,10.1073/pnas.2214357120,2023,cui_pnas_2023_dataset_s01,1_2m_litfsi_1m_an_in_fm,Li|Cu,LiTFSI,,,1.2,1.0,,TFSI,FM,1.0,,,,,,,,,,0.5,1.0,99.4,,Cycle,200.0,,,,,,,no,pending,"Yang, Y. et al. Liquefied gas electrolytes for wide-temperature lithium metal batteries. Energy Environ. Sci. 13, 2209–2219 (2020).",unknown_tokens:AN|IN;unsupported_species:FM,1.2M LiTFSI 1M AN in FM,70.0,1.1348358739785631,0.2311472125346799,4.909580615462969,1.5874991651923114,0.2201812698907017,0.1529103702550292,0.0672708996356725,0.0448472664237816,0.0,0.0448472664237816,0.194020364476829,0.1529103702550292,0.0411099942217998
cui2023_139,Kim et al. PNAS 2023,10.1073/pnas.2214357120,2023,cui_pnas_2023_dataset_s01,0_5m_litfsi_0_5m_thf_ch3f,Li|Cu,LiTFSI,,,0.5,0.5,,TFSI,,1.0,,,,,,,,,,1.0,1.0,99.4,,Cycle,200.0,,,,,,,no,pending,"Yang, Y. et al. High-Efficiency Lithium-Metal Anode Enabled by Liquefied Gas Electrolytes. Joule 3, 1986–2000 (2019).",unknown_tokens:CH3F|THF,0.5M LiTFSI 0.5M THF CH3F,29.0,1.0,0.129092310446638,7.746394781688899,1.206547696714621,0.2010380989070283,0.1698951316961787,0.0311429672108496,0.025952472675708,0.0,0.025952472675708,0.2010380989070283,0.1698951316961787,0.0311429672108496
cui2023_140,Kim et al. PNAS 2023,10.1073/pnas.2214357120,2023,cui_pnas_2023_dataset_s01,1_m_lifsi_dme_fdmh_1_6_molar,Li|Cu,LiFSI,,,1.0,,,FSI,DME,0.0853015064815868,,0.9146984935184131,,,,,,,,0.5,1.0,99.4,,Aurbach,10.0,,,,,,,no,pending,"Wang, H. et al. Dual-Solvent Li-Ion Solvation Enables High-Performance Li-Metal Batteries. Adv. Mater. 33, 2008619 (2021).",unknown_tokens:FDMH|MOLAR,1 M LiFSI DME-FDMH (1:6 molar),71.0,0.964338340360166,0.3836684974142764,2.5134676077376654,1.4311755594439877,0.252260823717337,0.2377567785720465,0.0145040451452904,0.1003636660925155,0.0713555758019347,0.0290080902905808,0.2615895408898928,0.2615895408898928,0.0
cui2023_141,Kim et al. PNAS 2023,10.1073/pnas.2214357120,2023,cui_pnas_2023_dataset_s01,lifsi_1_2dme_3btfe,Li|Cu,LiFSI,,,,,,FSI,DME,,BTFE,,,,,,,,,0.5,1.0,99.4,,Aurbach,10.0,,,,,,,no,pending,"Cao, X. et al. Effects of fluorinated solvents on electrolyte solvation structures and electrode/electrolyte interphases for lithium metal batteries. Proc. Natl. Acad. Sci. 118, e2020357118 (2021).",unsupported_species:BTFE,LiFSI-1.2DME-3BTFE,44.0,1.1904761904761905,0.5595238095238095,2.127659574468085,1.9285714285714284,0.2695417789757413,0.2425876010781671,0.0269541778975741,0.1266846361185984,0.0727762803234501,0.0539083557951482,0.2264150943396226,0.2264150943396226,0.0
cui2023_142,Kim et al. PNAS 2023,10.1073/pnas.2214357120,2023,cui_pnas_2023_dataset_s01,1_8_m_lifsi_dme_1_1_with_hfme_at_50_concentration,Li|Cu,LiFSI,,,1.8,,,FSI,DME,0.5,FM,0.5,,,,,,,,0.5,1.0,99.46,,Cycle,500.0,,,,,,,no,pending,"Huang, F. et al. Enhancing metallic lithium battery performance by tuning the electrolyte solution structure. J. Mater. Chem. A 6, 1612–1620 (2018).",unknown_tokens:AT|CONCENTRATION|HFME|WITH;unsupported_species:FM,1.8 M LiFSI/DME (1 : 1) with HFME at 50% concentration,19.0,0.7651567190866807,0.5990728657986603,1.2772348119399533,1.521105805717492,0.1733938385896783,0.1496937961147221,0.0237000424749562,0.1357572131363345,0.088357128186422,0.0474000849499124,0.2266121884110847,0.2266121884110847,0.0
cui2023_143,Kim et al. PNAS 2023,10.1073/pnas.2214357120,2023,cui_pnas_2023_dataset_s01,1_8m_lifsi_dee_btfe_1_4_w_w,Li|Cu,LiFSI,,,1.8,,,FSI,DEE,0.3297632468996617,BTFE,0.6702367531003381,,,,,,,,0.5,1.0,99.5,,Aurbach,10.0,,,,,,,no,pending,"Liu, H. et al. Ultrahigh coulombic efficiency electrolyte enables Li||SPAN batteries with superior cycling performance. Mater. Today 42, 17–28 (2021).",unsupported_species:BTFE|DEE,1.8M LiFSI DEE-BTFE (1:4 w/w),30.0,1.0371872871364345,0.4657677771014019,2.2268334954193905,1.6647808970638878,0.2418013208963852,0.2166501576700986,0.0251511632262866,0.1085852720438111,0.0582829455912377,0.0503023264525733,0.2331317823649511,0.2331317823649511,0.0
cui2023_144,Kim et al. PNAS 2023,10.1073/pnas.2214357120,2023,cui_pnas_2023_dataset_s01,1_2m_lifsi_dmc_btfe_1_2_mol,Li|Cu,LiFSI,,,1.2,,,FSI,DMC,0.2422754453570001,BTFE,0.7577245546429999,,,,,,,,0.5,1.0,99.5,,Aurbach,10.0,,,,,,,no,pending,"Chen, S. et al. High-Voltage Lithium-Metal Batteries Enabled by Localized High-Concentration Electrolytes. Adv. Mater. 30, 1–7 (2018).",unknown_tokens:MOL;unsupported_species:BTFE,1.2M LiFSI DMC-BTFE (1:2 mol),23.0,1.1703546220687335,0.6022896256088567,1.9431757950099475,1.885124409663524,0.2791628377048557,0.2612763608977995,0.0178864768070562,0.1436631921938007,0.1078902385796883,0.0357729536141124,0.238528419028588,0.238528419028588,0.0
cui2023_145,Kim et al. PNAS 2023,10.1073/pnas.2214357120,2023,cui_pnas_2023_dataset_s01,1m_lifsi_dme_tfeo_1_2_3_mol,Li|Cu,LiFSI,,,1.0,,,FSI,DME,0.1634492544449742,TFEO,0.8365507455550258,,,,,,,,0.5,1.0,99.5,,Aurbach,10.0,,,,,,,no,pending,"Cao, X. et al. Monolithic solid–electrolyte interphases formed in fluorinated orthoformate-based electrolytes minimize Li depletion and pulverization. Nat. Energy 4, 796–805 (2019).",unknown_tokens:MOL;unsupported_species:TFEO,1M LiFSI DME-TFEO (1.2:3 mol),31.0,1.088923686863239,0.5608715076946277,1.9414851207883337,1.738360498288943,0.2677886149890842,0.2532686014452205,0.0145200135438637,0.1379297796937787,0.1088897526060512,0.0290400270877274,0.2459204609282381,0.2459204609282381,0.0
cui2023_146,Kim et al. PNAS 2023,10.1073/pnas.2214357120,2023,cui_pnas_2023_dataset_s01,1_7_m_lifsi_methf_tte_1_1_vol,Li|Cu,LiFSI,,,1.7,,,FSI,TTE,0.5,,0.5,,,,,,,,1.0,1.0,99.5,,Cycle,40.0,,,,,,,no,pending,"Xu, R. et al. Designing and Demystifying the Lithium Metal Interface toward Highly Reversible Batteries. Adv. Mater. 33, 2105962 (2021).",unknown_tokens:METHF;unsupported_species:TTE,1.7 M LiFSI MeTHF-TTE (1:1 vol),45.0,0.7218854296257844,0.3646723137398274,1.9795454780282769,1.2100619786704825,0.1914019341556907,0.1695711850795981,0.0218307490760926,0.0966898392990376,0.0530283411468523,0.0436614981521853,0.2651417057342616,0.2651417057342616,0.0
cui2023_147,Kim et al. PNAS 2023,10.1073/pnas.2214357120,2023,cui_pnas_2023_dataset_s01,lifsi_1dme_3tte,Li|Cu,LiFSI,,,,,,FSI,DME,,TTE,,,,,,,,,0.5,1.0,99.5,,Aurbach,10.0,,,,,,,no,pending,"Ren, X. et al. Role of inner solvation sheath within salt–solvent complexes in tailoring electrode/electrolyte interphases for lithium metal batteries. Proc. Natl. Acad. Sci. 117, 28603–28613 (2020).",unsupported_species:TTE,LiFSI-1DME-3TTE,64.0,1.368421052631579,0.4736842105263157,2.888888888888889,2.0,0.325,0.3,0.025,0.1125,0.0625,0.05,0.2375,0.2375,0.0
cui2023_148,Kim et al. PNAS 2023,10.1073/pnas.2214357120,2023,cui_pnas_2023_dataset_s01,lifsi_1_2dme_3tfeo,Li|Cu,LiFSI,,,,,,FSI,DME,,TFEO,,,,,,,,,0.5,1.0,99.5,,Aurbach,10.0,,,,,,,no,pending,"Cao, X. et al. Effects of fluorinated solvents on electrolyte solvation structures and electrode/electrolyte interphases for lithium metal batteries. Proc. Natl. Acad. Sci. 118, e2020357118 (2021).",unsupported_species:TFEO,LiFSI-1.2DME-3TFEO,44.0,1.124031007751938,0.5968992248062015,1.883116883116883,1.837209302325581,0.2705223880597014,0.251865671641791,0.0186567164179104,0.1436567164179104,0.1063432835820895,0.0373134328358208,0.2406716417910447,0.2406716417910447,0.0
cui2023_149,Kim et al. PNAS 2023,10.1073/pnas.2214357120,2023,cui_pnas_2023_dataset_s01,1_2_m_lifsi_f4dee,Li|Cu,LiFSI,,,1.2,,,FSI,DEE,1.0,,,,,,,,,,0.5,1.0,99.5,,Aurbach,10.0,,,,,,,no,pending,"Yu, Z. et al. Rational solvent molecule tuning for high-performance lithium metal battery electrolytes. Nat. Energy (2022) doi:10.1038/s41560-021-00962-y.",unknown_tokens:F4DEE;unsupported_species:DEE,1.2 M LiFSI F4DEE,62.0,0.7280021505376344,0.4560043010752688,1.596480885862235,1.2760096774193548,0.1832215219162104,0.1677847808378955,0.0154367410783149,0.1147658725755775,0.0838923904189477,0.0308734821566298,0.2516771712568433,0.2516771712568433,0.0
cui2023_150,Kim et al. PNAS 2023,10.1073/pnas.2214357120,2023,cui_pnas_2023_dataset_s01,1_2_m_lifsi_f5dee,Li|Cu,LiFSI,,,1.2,,,FSI,DEE,1.0,,,,,,,,,,0.5,1.0,99.5,,Aurbach,10.0,,,,,,,no,pending,"Yu, Z. et al. Rational solvent molecule tuning for high-performance lithium metal battery electrolytes. Nat. Energy (2022) doi:10.1038/s41560-021-00962-y.",unknown_tokens:F5DEE;unsupported_species:DEE,1.2 M LiFSI F5DEE,62.0,0.8978703875968993,0.4624074418604651,1.9417299686708724,1.457083410852713,0.225066728018617,0.2088894001551417,0.0161773278634753,0.1159104157890073,0.0835557600620566,0.0323546557269506,0.25066728018617,0.25066728018617,0.0
