formulation_id,raw_electrolyte_text,cell_type,salt_name,salt_name_2,salt_name_3,salt_concentration_m,salt_concentration_2_m,salt_concentration_3_m,anion_name,solvent_1,solvent_1_fraction,solvent_2,solvent_2_fraction,solvent_3,solvent_3_fraction,additive_1,additive_1_fraction,additive_2,additive_2_fraction,n_conditions,ce_mean_min,ce_mean_max,current_density_min_ma_cm2,current_density_max_ma_cm2,areal_capacity_min_mah_cm2,areal_capacity_max_mah_cm2,notes,references
1_5_m_liasf6_pc,1.5 M LiAsF6-PC,Li|Cu,LiAsF6,,,1.5,,,AsF6,PC,1.0,,,,,,,,,1,85.0,85.0,1.0,1.0,1.0,1.0,unsupported_species:AsF6,"Aurbach, D. & Zaban, A. Impedance spectroscopy of lithium electrodes: Part 1. General behavior in propylene carbonate solutions and the correlation to surface chemistry and cycling efficiency. J. Electroanal. Chem. 348, 155–179 (1993)."
1_m_libeti_ec_dmc_1_1_v_2_vc,1 M LiBETI EC-DMC (1:1 v) 2% VC,Li|Cu,LiBETI,,,1.0,,,BETI,EC,0.5,DMC,0.5,VC,0.02,,,,,1,86.0,86.0,0.6,0.6,0.44,0.44,unsupported_species:BETI|VC,"Ota, H., Shima, K., Ue, M. & Yamaki, J. Effect of vinylene carbonate as additive to electrolyte for lithium metal anode. Electrochim. Acta 49, 565–572 (2004)."
1_m_libf4_ec_dmc_1_1_v_2_vc,1 M LiBF4 EC-DMC (1:1 v) 2% VC,Li|Cu,LiBF4,,,1.0,,,BF4,EC,0.5,DMC,0.5,VC,0.02,,,,,1,80.0,80.0,0.6,0.6,0.44,0.44,unsupported_species:VC,"Ota, H., Shima, K., Ue, M. & Yamaki, J. Effect of vinylene carbonate as additive to electrolyte for lithium metal anode. Electrochim. Acta 49, 565–572 (2004)."
1_m_liclo4_pc_5_fec,1 M LiClO4-PC + 5% FEC,Li|Cu,LiClO4,,,1.0,,,ClO4,PC,1.0,FEC,0.05,EC,,,,,,1,80.0,80.0,0.5,0.5,0.083,0.083,unsupported_species:ClO4,"Mogi, R. et al. Effects of Some Organic Additives on Lithium Deposition in Propylene Carbonate. J. Electrochem. Soc. 149, A1578 (2002)."
1_m_liclo4_ec_es_1_1_vol,1 M LiClO4 EC-ES (1:1 vol),Li|Cu,LiClO4,,,1.0,,,ClO4,EC,0.5,,0.5,,,,,,,1,97.0,97.0,0.5,0.5,0.5,0.5,unknown_tokens:ES;unsupported_species:ClO4,"Zhang, Y. et al. Solvent Molecule Cooperation Enhancing Lithium Metal Battery Performance at Both Electrodes. Angew. Chemie Int. Ed. 59, 7797–7802 (2020)."
1_m_lidfob_ec_dec_3_7_wt,1 M LiDFOB EC-DEC (3:7 wt),Li|Cu,LiDFOB,,,1.0,,,DFOB,EC,0.2404438964241677,DEC,0.7595561035758323,,,,,,,1,95.0,95.0,0.1,0.1,0.1,0.1,,"Schedlbauer, T. et al. Lithium difluoro(oxalato)borate: A promising salt for lithium metal based secondary batteries? Electrochim. Acta 92, 102–107 (2013)."
1m_lifsi_ec_dec_v_1_1,1M LiFSI EC/DEC (v 1:1),Li|Cu,LiFSI,,,1.0,,,FSI,EC,0.5,DEC,0.5,,,,,,,1,93.0,93.0,0.5,0.5,1.0,1.0,,
1_m_lifsi_in_tetraglyme,1 M LiFSI in tetraglyme,Li|Cu,LiFSI,,,1.0,,,FSI,,1.0,,,,,,,,,1,94.0,94.0,0.1,0.1,0.2,0.2,unknown_tokens:IN|TETRAGLYME,"Amanchukwu, C. V. et al. A New Class of Ionically Conducting Fluorinated Ether Electrolytes with High Electrochemical Stability. J. Am. Chem. Soc. 142, 7393–7403 (2020)."
0_1m_lidfp_0_4m_lifsi_ec_dmc_3_7_v_v,0.1M LiDFP 0.4M LiFSI EC-DMC (3:7 v/v),Li|Cu,LiFSI,,,0.1,0.4,,FSI,EC,0.3,DMC,0.7,,,,,,,1,94.5,94.5,0.4,0.4,0.8,0.8,unknown_tokens:LIDFP,"Zheng, H. et al. Lithium Difluorophosphate-Based Dual-Salt Low Concentration Electrolytes for Lithium Metal Batteries. Adv. Energy Mater. 10, 2001440 (2020)."
1_m_lifsi_in_deg_ftrieg,1 M LiFSI in DEG-FTriEG,Li|Cu,LiFSI,,,1.0,,,FSI,,1.0,,,,,,,,,1,95.0,95.0,0.1,0.1,0.2,0.2,unknown_tokens:DEG|FTRIEG|IN,"Amanchukwu, C. V. et al. A New Class of Ionically Conducting Fluorinated Ether Electrolytes with High Electrochemical Stability. J. Am. Chem. Soc. 142, 7393–7403 (2020)."
lifsi_1_4dme_3tfeb,LiFSI-1.4DME-3TFEB,Li|Cu,LiFSI,,,,,,FSI,DME,,,,,,,,,,1,95.4,95.4,0.5,0.5,1.0,1.0,,"Cao, X. et al. Effects of fluorinated solvents on electrolyte solvation structures and electrode/electrolyte interphases for lithium metal batteries. Proc. Natl. Acad. Sci. 118, e2020357118 (2021)."
1_m_lifsi_thf,1 M LiFSI THF,Li|Cu,LiFSI,,,1.0,,,FSI,,1.0,,,,,,,,,1,95.8,95.8,1.0,1.0,1.0,1.0,unknown_tokens:THF,"Xu, R. et al. Designing and Demystifying the Lithium Metal Interface toward Highly Reversible Batteries. Adv. Mater. 33, 2105962 (2021)."
1_m_lifsi_fec,1 M LiFSI FEC,Li|Cu,LiFSI,,,1.0,,,FSI,FEC,1.0,EC,,,,,,,,1,96.11,96.11,0.25,0.25,0.5,0.5,,"Suo, L. et al. Fluorine-donating electrolytes enable highly reversible 5-V-class Li metal batteries. Proc. Natl. Acad. Sci. 115, 1156 LP – 1161 (2018)."
0_5_m_lifsi_0_5_m_lipo2f2_dme,0.5 M LiFSI+0.5 M LiPO2F2/DME,Li|Cu,LiFSI,LiPO2F2,,0.5,0.5,,FSI,DME,1.0,,,,,,,,,1,96.4,96.4,0.5,0.5,1.0,1.0,unsupported_species:PO2F2,"Dong, N. et al. A LiPO2F2/LiFSI dual-salt electrolyte enabled stable cycling of lithium metal batteries. J. Power Sources 400, 449–456 (2018)."
2_m_lifsi_fec,2 M LiFSI FEC,Li|Cu,LiFSI,,,2.0,,,FSI,FEC,1.0,EC,,,,,,,,1,96.76,96.76,0.25,0.25,0.5,0.5,,"Suo, L. et al. Fluorine-donating electrolytes enable highly reversible 5-V-class Li metal batteries. Proc. Natl. Acad. Sci. 115, 1156 LP – 1161 (2018)."
lifsi_1_2dme_3btfec,LiFSI-1.2DME-3BTFEC,Li|Cu,LiFSI,,,,,,FSI,DME,,BTFE,,TFEC,,FEC,,EC,,1,96.8,96.8,0.5,0.5,1.0,1.0,unsupported_species:BTFE|TFEC,"Cao, X. et al. Effects of fluorinated solvents on electrolyte solvation structures and electrode/electrolyte interphases for lithium metal batteries. Proc. Natl. Acad. Sci. 118, e2020357118 (2021)."
3_m_lifsi_fec,3 M LiFSI FEC,Li|Cu,LiFSI,,,3.0,,,FSI,FEC,1.0,EC,,,,,,,,1,97.14,97.14,0.25,0.25,0.5,0.5,,"Suo, L. et al. Fluorine-donating electrolytes enable highly reversible 5-V-class Li metal batteries. Proc. Natl. Acad. Sci. 115, 1156 LP – 1161 (2018)."
1m_lifsi_dme,1M LiFSI DME,Li|Cu,LiFSI,,,1.0,,,FSI,DME,1.0,,,,,,,,,1,97.25,97.25,0.5,0.5,1.0,1.0,,"Kim, S. C. et al. Potentiometric Measurement to Probe Solvation Energy and Its Correlation to Lithium Battery Cyclability. J. Am. Chem. Soc. 143, 10301–10308 (2021)."
3_2m_lifsi_tep,3.2M LiFSI TEP,Li|Cu,LiFSI,,,3.2,,,FSI,TEP,1.0,EP,,,,,,,,1,97.3,97.3,0.5,0.5,1.0,1.0,unsupported_species:TEP,"Chen, S. et al. High-Efficiency Lithium Metal Batteries with Fire-Retardant Electrolytes. Joule 2, 1548–1558 (2018)."
lifsi_sl_1_3_molar,LiFSI SL (1:3 molar),Li|Cu,LiFSI,,,,,,FSI,SL,,,,,,,,,,1,97.3,97.3,1.0,1.0,0.5,0.5,unknown_tokens:MOLAR,"Maeyoshi, Y. et al. Long-Term Stable Lithium Metal Anode in Highly Concentrated Sulfolane-Based Electrolytes with Ultrafine Porous Polyimide Separator. ACS Appl. Mater. Interfaces 11, 25833–25843 (2019)."
4_m_lifsi_fec,4 M LiFSI FEC,Li|Cu,LiFSI,,,4.0,,,FSI,FEC,1.0,EC,,,,,,,,1,97.41,97.41,0.25,0.25,0.5,0.5,,"Suo, L. et al. Fluorine-donating electrolytes enable highly reversible 5-V-class Li metal batteries. Proc. Natl. Acad. Sci. 115, 1156 LP – 1161 (2018)."
1m_lifsi_fec_dec_1_2_by_volume,1M LiFSI FEC-DEC (1:2 by volume),Li|Cu,LiFSI,,,1.0,,,FSI,FEC,0.3333,EC,0.6667,DEC,,,,,,1,97.43,97.43,0.5,0.5,1.0,1.0,unknown_tokens:BY|VOLUME,"Kim, S. C. et al. Potentiometric Measurement to Probe Solvation Energy and Its Correlation to Lithium Battery Cyclability. J. Am. Chem. Soc. 143, 10301–10308 (2021)."
1_m_lifsi_1_4_dioxolane,"1 M LiFSI 1,4-Dioxolane",Li|Cu,LiFSI,,,1.0,,,FSI,,1.0,,,,,,,,,1,97.5,97.5,1.0,1.0,1.0,1.0,unknown_tokens:DIOXOLANE,"Xu, R. et al. Designing and Demystifying the Lithium Metal Interface toward Highly Reversible Batteries. Adv. Mater. 33, 2105962 (2021)."
1_m_lifsi_ec_etfec_3_7_vol,1 M LiFSI/EC-ETFEC (3:7 vol),Li|Cu,LiFSI,,,1.0,,,FSI,EC,0.3,TFEC,0.7,FEC,,,,,,1,97.5,97.5,0.25,0.25,0.5,0.5,unknown_tokens:ETFEC;unsupported_species:TFEC,"Chen, S. et al. High-Efficiency Lithium Metal Anode Enabled by a Concentrated/Fluorinated Ester Electrolyte. ACS Appl. Mater. Interfaces 12, 27794–27802 (2020)."
5_m_lifsi_pc,5 M LiFSI PC,Li|Cu,LiFSI,,,5.0,,,FSI,PC,1.0,,,,,,,,,1,97.5,97.5,0.5,0.5,1.0,1.0,,"Fan, X. et al. Highly Fluorinated Interphases Enable High-Voltage Li-Metal Batteries. Chem 4, 174–185 (2018)."
5_m_lifsi_fec,5 M LiFSI FEC,Li|Cu,LiFSI,,,5.0,,,FSI,FEC,1.0,EC,,,,,,,,1,97.65,97.65,0.25,0.25,0.5,0.5,,"Suo, L. et al. Fluorine-donating electrolytes enable highly reversible 5-V-class Li metal batteries. Proc. Natl. Acad. Sci. 115, 1156 LP – 1161 (2018)."
6_m_lifsi_fec,6 M LiFSI FEC,Li|Cu,LiFSI,,,6.0,,,FSI,FEC,1.0,EC,,,,,,,,1,97.67,97.67,0.25,0.25,0.5,0.5,,"Suo, L. et al. Fluorine-donating electrolytes enable highly reversible 5-V-class Li metal batteries. Proc. Natl. Acad. Sci. 115, 1156 LP – 1161 (2018)."
1m_lifsi_dmb,1M LiFSI DMB,Li|Cu,LiFSI,,,1.0,,,FSI,DMB,1.0,,,,,,,,,1,97.7,97.7,0.5,0.5,1.0,1.0,unsupported_species:DMB,"Yu, Z. et al. Molecular design for electrolyte solvents enabling energy-dense and long-cycling lithium metal batteries. Nat. Energy 1–8 (2020) doi:10.1038/s41560-020-0634-5."
7_m_lifsi_fec,7 M LiFSI FEC,Li|Cu,LiFSI,,,7.0,,,FSI,FEC,1.0,EC,,,,,,,,1,97.74,97.74,0.25,0.25,0.5,0.5,,"Suo, L. et al. Fluorine-donating electrolytes enable highly reversible 5-V-class Li metal batteries. Proc. Natl. Acad. Sci. 115, 1156 LP – 1161 (2018)."
1_m_lifsi_fsa,1 M LiFSI FSA,Li|Cu,LiFSI,,,1.0,,,FSI,,1.0,,,,,,,,,1,97.87,97.87,0.5,0.5,0.5,0.5,unknown_tokens:FSA,"Xue, W. et al. FSI-inspired solvent and “full fluorosulfonyl” electrolyte for 4 V class lithium-metal batteries. Energy Environ. Sci. 13, 212–220 (2020)."
lifsi_sl_1_2_5_molar,LiFSI SL (1:2.5 molar),Li|Cu,LiFSI,,,,,,FSI,SL,,,,,,,,,,1,98.0,98.0,1.0,1.0,0.5,0.5,unknown_tokens:MOLAR,"Maeyoshi, Y. et al. Long-Term Stable Lithium Metal Anode in Highly Concentrated Sulfolane-Based Electrolytes with Ultrafine Porous Polyimide Separator. ACS Appl. Mater. Interfaces 11, 25833–25843 (2019)."
1m_lifsi_fec_femc_d2_234_280_793_by_mol,1M LiFSI FEC-FEMC-D2 (234:280:793 by mol),Li|Cu,LiFSI,,,1.0,,,FSI,FEC,0.1,EC,0.2,FEMC,0.7,EMC,,D2,,1,98.16,98.16,0.5,0.5,1.0,1.0,unknown_tokens:BY|MOL;unsupported_species:D2,"Kim, S. C. et al. Potentiometric Measurement to Probe Solvation Energy and Its Correlation to Lithium Battery Cyclability. J. Am. Chem. Soc. 143, 10301–10308 (2021)."
1_2m_lifsi_dmc_btfe_1_2_mol,1.2M LiFSI DMC-BTFE (1:2 mol),Li|Cu,LiFSI,,,1.2,,,FSI,DMC,0.2422754453570001,BTFE,0.7577245546429999,,,,,,,2,98.2,99.5,0.5,0.5,1.0,1.0,unknown_tokens:MOL;unsupported_species:BTFE,"Chen, S. et al. High-Voltage Lithium-Metal Batteries Enabled by Localized High-Concentration Electrolytes. Adv. Mater. 30, 1–7 (2018). || Yu, L. et al. A Localized High-Concentration Electrolyte with Optimized Solvents and Lithium Difluoro(oxalate)borate Additive for Stable Lithium Metal Batteries. ACS Energy Lett. 3, 2059–2067 (2018)."
1_lifsi_3_tms,1 LiFSI - 3 TMS,Li|Cu,LiFSI,,,,,,FSI,TMS,,,,,,,,,,1,98.2,98.2,0.5,0.5,1.0,1.0,unsupported_species:TMS,"Ren, X. et al. Localized High-Concentration Sulfone Electrolytes for High-Efficiency Lithium-Metal Batteries. Chem 4, 1877–1892 (2018)."
1_m_lifsi_methf,1 M LiFSI MeTHF,Li|Cu,LiFSI,,,1.0,,,FSI,,1.0,,,,,,,,,1,98.2,98.2,1.0,1.0,1.0,1.0,unknown_tokens:METHF,"Xu, R. et al. Designing and Demystifying the Lithium Metal Interface toward Highly Reversible Batteries. Adv. Mater. 33, 2105962 (2021)."
4_6_m_lifsi_dme,4.6 M LiFSI DME,Li|Cu,LiFSI,,,4.6,,,FSI,DME,1.0,,,,,,,,,1,98.2,98.2,0.5,0.5,0.5,0.5,,"Alvarado, J. et al. Bisalt ether electrolytes: a pathway towards lithium metal batteries with Ni-rich cathodes. Energy Environ. Sci. 12, 780–794 (2019)."
lifsi_dmc_1_1_5_mol,LiFSI DMC (1:1.5 mol),Li|Cu,LiFSI,,,,,,FSI,DMC,,,,,,,,,,1,98.3,98.3,1.0,1.0,1.0,1.0,unknown_tokens:MOL,"Piao, N. et al. Countersolvent Electrolytes for Lithium-Metal Batteries. Adv. Energy Mater. 10, 1903568 (2020)."
1_m_lifsi_dmethf,1 M LiFSI DMeTHF,Li|Cu,LiFSI,,,1.0,,,FSI,DME,1.0,,,,,,,,,1,98.4,98.4,1.0,1.0,1.0,1.0,unknown_tokens:DMETHF,"Xu, R. et al. Designing and Demystifying the Lithium Metal Interface toward Highly Reversible Batteries. Adv. Mater. 33, 2105962 (2021)."
1_2m_lifsi_0_15m_lidfob_ec_emc_btfe_0_175_0_825_2_mol,1.2M LiFSI 0.15M LiDFOB EC-EMC-BTFE (0.175:0.825:2 mol),Li|Cu,LiFSI,LiDFOB,,1.2,0.15,,FSI,EC,0.0327568743092422,EMC,0.2395373147852943,BTFE,0.7277058109054634,,,,,1,98.5,98.5,0.5,0.5,1.0,1.0,unknown_tokens:MOL;unsupported_species:BTFE,"Yu, L. et al. A Localized High-Concentration Electrolyte with Optimized Solvents and Lithium Difluoro(oxalate)borate Additive for Stable Lithium Metal Batteries. ACS Energy Lett. 3, 2059–2067 (2018)."
lifsi_an_vc_0_52_1_0_09_molar,LiFSI-AN-VC (0.52:1:0.09 molar),Li|Cu,LiFSI,,,,,,FSI,VC,,,,,,,,,,1,98.6,98.6,1.0,1.0,1.0,1.0,unknown_tokens:AN|MOLAR;unsupported_species:VC,"Peng, Z. et al. High-Power Lithium Metal Batteries Enabled by High-Concentration Acetonitrile-Based Electrolytes with Vinylene Carbonate Additive. Adv. Funct. Mater. 30, 2001285 (2020)."
lifsi_dmc_tte_1_1_5_1_5_mol,LiFSI DMC-TTE (1:1.5:1.5 mol),Li|Cu,LiFSI,,,,,,FSI,DMC,,TTE,,,,,,,,1,98.6,98.6,0.5,0.5,1.0,1.0,unknown_tokens:MOL;unsupported_species:TTE,"Piao, N. et al. Countersolvent Electrolytes for Lithium-Metal Batteries. Adv. Energy Mater. 10, 1903568 (2020)."
6_m_lifsi_dmc,6 M LiFSI DMC,Li|Cu,LiFSI,,,6.0,,,FSI,DMC,1.0,,,,,,,,,1,98.7,98.7,0.5,0.5,1.0,1.0,,"Fan, X. et al. Highly Fluorinated Interphases Enable High-Voltage Li-Metal Batteries. Chem 4, 174–185 (2018)."
3_m_lifsi_dol_dme_1_1_vol,3 M LiFSI DOL-DME (1:1 vol),Li|Cu,LiFSI,,,3.0,,,FSI,DOL,0.5,DME,0.5,,,,,,,1,98.75,98.75,1.0,1.0,1.62,1.62,,"Beyene, T. T. et al. Effects of Concentrated Salt and Resting Protocol on Solid Electrolyte Interface Formation for Improved Cycle Stability of Anode-Free Lithium Metal Batteries. ACS Appl. Mater. Interfaces 11, 31962–31971 (2019)."
1_lifsi_3_tms_3_tte,1 LiFSI - 3 TMS- 3 TTE,Li|Cu,LiFSI,,,,,,FSI,TMS,,TTE,,,,,,,,1,98.8,98.8,0.5,0.5,1.0,1.0,unsupported_species:TMS|TTE,"Ren, X. et al. Localized High-Concentration Sulfone Electrolytes for High-Efficiency Lithium-Metal Batteries. Chem 4, 1877–1892 (2018)."
1m_lifsi_0_3_m_lino3_fec_gbl_1_2_v_v,1M LiFSI+0.3 M LiNO3-FEC/GBL (1:2 v/v),Li|Cu,LiFSI,LiNO3,,1.0,0.3,,FSI,FEC,0.333,EC,0.667,GBL,,,,,,1,98.8,98.8,0.5,0.5,1.0,1.0,,"Jie, Y. et al. Enabling High-Voltage Lithium Metal Batteries by Manipulating Solvation Structure in Ester Electrolyte. Angew. Chemie Int. Ed. 59, 3505–3510 (2020)."
8_m_lifsi_pc,8 M LiFSI PC,Li|Cu,LiFSI,,,8.0,,,FSI,PC,1.0,,,,,,,,,1,98.8,98.8,0.5,0.5,1.0,1.0,,"Fan, X. et al. Highly Fluorinated Interphases Enable High-Voltage Li-Metal Batteries. Chem 4, 174–185 (2018)."
1_m_lifsi_dee,1 M LiFSI DEE,Li|Cu,LiFSI,,,1.0,,,FSI,DEE,1.0,,,,,,,,,2,98.9,99.04,0.5,0.5,1.0,1.0,unsupported_species:DEE,"Chen, Y. et al. Steric Effect Tuned Ion Solvation Enabling Stable Cycling of High-Voltage Lithium Metal Battery. J. Am. Chem. Soc. (2021) doi:10.1021/jacs.1c09006. || Holoubek, J. et al. Tailoring electrolyte solvation for Li metal batteries cycled at ultra-low temperature. Nat. Energy 6, 303–313 (2021)."
1_m_lifsi_dol_dme_1_1_vol,1 M LiFSI DOL-DME (1:1 vol),Li|Cu,LiFSI,,,1.0,,,FSI,DOL,0.5,DME,0.5,,,,,,,1,98.9,98.9,0.5,0.5,1.0,1.0,,"Holoubek, J. et al. Tailoring electrolyte solvation for Li metal batteries cycled at ultra-low temperature. Nat. Energy 6, 303–313 (2021)."
0_47m_lifsi_dol_btfe_1_4_w_w,0.47M LiFSI DOL-BTFE (1:4 w/w),Li|Cu,LiFSI,,,0.47,,,FSI,DOL,0.2487597448618001,BTFE,0.7512402551381998,,,,,,,1,98.92,98.92,0.5,0.5,1.0,1.0,unsupported_species:BTFE,"Liu, H. et al. Ultrahigh coulombic efficiency electrolyte enables Li||SPAN batteries with superior cycling performance. Mater. Today 42, 17–28 (2021)."
1m_lifsi_fdmb,1M LiFSI FDMB,Li|Cu,LiFSI,,,1.0,,,FSI,FDMB,1.0,DMB,,,,,,,,1,98.98,98.98,0.5,0.5,1.0,1.0,unsupported_species:DMB|FDMB,"Kim, S. C. et al. Potentiometric Measurement to Probe Solvation Energy and Its Correlation to Lithium Battery Cyclability. J. Am. Chem. Soc. 143, 10301–10308 (2021)."
1_2_m_lifsi_dee,1.2 M LiFSI DEE,Li|Cu,LiFSI,,,1.2,,,FSI,DEE,1.0,,,,,,,,,1,99.0,99.0,0.5,0.5,1.0,1.0,unsupported_species:DEE,"Yu, Z. et al. Rational solvent molecule tuning for high-performance lithium metal battery electrolytes. Nat. Energy (2022) doi:10.1038/s41560-021-00962-y."
2_2m_lifsi_tep_1_2_mr,2.2M LiFSI TEP (= 1:2 MR),Li|Cu,LiFSI,,,2.2,,,FSI,TEP,1.0,EP,,,,,,,,1,99.0,99.0,0.2,0.2,1.0,1.0,unknown_tokens:MR;unsupported_species:TEP,"Zeng, Z. et al. Non-flammable electrolytes with high salt-to-solvent ratios for Li-ion and Li-metal batteries. Nat. Energy 3, 674–681 (2018)."
4m_lifsi_dme,4M LiFSI DME,Li|Cu,LiFSI,,,4.0,,,FSI,DME,1.0,,,,,,,,,1,99.1,99.1,0.2,0.2,1.0,1.0,,"Qian, J. et al. High rate and stable cycling of lithium metal anode. Nat. Commun. 6, (2015)."
5_m_lifsi_ec_etfec_3_7_vol,5 M LiFSI/EC-ETFEC (3:7 vol),Li|Cu,LiFSI,,,5.0,,,FSI,EC,0.3,TFEC,0.7,FEC,,,,,,1,99.1,99.1,0.25,0.25,0.5,0.5,unknown_tokens:ETFEC;unsupported_species:TFEC,"Chen, S. et al. High-Efficiency Lithium Metal Anode Enabled by a Concentrated/Fluorinated Ester Electrolyte. ACS Appl. Mater. Interfaces 12, 27794–27802 (2020)."
lifsi_1_4tep_3tte,LiFSI-1.4TEP-3TTE,Li|Cu,LiFSI,,,,,,FSI,TEP,,EP,,TTE,,,,,,1,99.1,99.1,0.5,0.5,1.0,1.0,unsupported_species:TEP|TTE,"Ren, X. et al. Role of inner solvation sheath within salt–solvent complexes in tailoring electrode/electrolyte interphases for lithium metal batteries. Proc. Natl. Acad. Sci. 117, 28603–28613 (2020)."
2_54m_lifsi_dme_btfe_1_4_w_w,2.54M LiFSI DME-BTFE (1:4 w/w),Li|Cu,LiFSI,,,2.54,,,FSI,DME,0.2879409351927809,BTFE,0.712059064807219,,,,,,,1,99.11,99.11,0.5,0.5,1.0,1.0,unsupported_species:BTFE,"Liu, H. et al. Ultrahigh coulombic efficiency electrolyte enables Li||SPAN batteries with superior cycling performance. Mater. Today 42, 17–28 (2021)."
1m_lifsi_dmc_btfe_1_2_by_mol,1M LiFSI DMC-BTFE (1:2 by mol),Li|Cu,LiFSI,,,1.0,,,FSI,DMC,0.2450466662039999,BTFE,0.7549533337960002,,,,,,,1,99.12,99.12,0.5,0.5,1.0,1.0,unknown_tokens:BY|MOL;unsupported_species:BTFE,"Kim, S. C. et al. Potentiometric Measurement to Probe Solvation Energy and Its Correlation to Lithium Battery Cyclability. J. Am. Chem. Soc. 143, 10301–10308 (2021)."
10_m_lifsi_dmc,10 M LiFSI DMC,Li|Cu,LiFSI,,,10.0,,,FSI,DMC,1.0,,,,,,,,,1,99.2,99.2,0.5,0.5,1.0,1.0,,"Fan, X. et al. Highly Fluorinated Interphases Enable High-Voltage Li-Metal Batteries. Chem 4, 174–185 (2018)."
1_2m_lifsi_tep_btfe_1_3_mol,1.2M LiFSI TEP-BTFE (1:3 mol),Li|Cu,LiFSI,,,1.2,,,FSI,TEP,0.3039902023183154,EP,0.6960097976816846,BTFE,,,,,,1,99.2,99.2,0.5,0.5,1.0,1.0,unknown_tokens:MOL;unsupported_species:BTFE|TEP,"Chen, S. et al. High-Efficiency Lithium Metal Batteries with Fire-Retardant Electrolytes. Joule 2, 1548–1558 (2018)."
5_5m_lifsi_dmc,5.5M LiFSI DMC,Li|Cu,LiFSI,,,5.5,,,FSI,DMC,1.0,,,,,,,,,1,99.2,99.2,0.5,0.5,1.0,1.0,,"Chen, S. et al. High-Voltage Lithium-Metal Batteries Enabled by Localized High-Concentration Electrolytes. Adv. Mater. 30, 1–7 (2018)."
lifsi_tep_1_1_molar,LiFSI-TEP 1:1 molar,Li|Cu,LiFSI,,,,,,FSI,TEP,,EP,,,,,,,,1,99.2,99.2,0.2,0.2,1.0,1.0,unknown_tokens:MOLAR;unsupported_species:TEP,"Xiao, L. et al. Stable Li Metal Anode with “Ion–Solvent-Coordinated” Nonflammable Electrolyte for Safe Li Metal Batteries. ACS Energy Lett. 4, 483–488 (2019)."
4_5_m_lifsi_dme_1_1,4.5 M LiFSI/DME (1 : 1),Li|Cu,LiFSI,,,4.5,,,FSI,DME,1.0,,,,,,,,,1,99.22,99.22,0.5,0.5,1.0,1.0,,"Huang, F. et al. Enhancing metallic lithium battery performance by tuning the electrolyte solution structure. J. Mater. Chem. A 6, 1612–1620 (2018)."
10_m_lifsi_ec_dmc,10 M LiFSI EC-DMC,Li|Cu,LiFSI,,,10.0,,,FSI,EC,0.5,DMC,0.5,,,,,,,1,99.3,99.3,0.5,0.5,1.0,1.0,,"Fan, X. et al. Highly Fluorinated Interphases Enable High-Voltage Li-Metal Batteries. Chem 4, 174–185 (2018)."
1_2_m_lifsi_f3dee,1.2 M LiFSI F3DEE,Li|Cu,LiFSI,,,1.2,,,FSI,DEE,1.0,,,,,,,,,1,99.3,99.3,0.5,0.5,1.0,1.0,unknown_tokens:F3DEE;unsupported_species:DEE,"Yu, Z. et al. Rational solvent molecule tuning for high-performance lithium metal battery electrolytes. Nat. Energy (2022) doi:10.1038/s41560-021-00962-y."
1_2_m_lifsi_f6dee,1.2 M LiFSI F6DEE,Li|Cu,LiFSI,,,1.2,,,FSI,DEE,1.0,,,,,,,,,1,99.3,99.3,0.5,0.5,1.0,1.0,unknown_tokens:F6DEE;unsupported_species:DEE,"Yu, Z. et al. Rational solvent molecule tuning for high-performance lithium metal battery electrolytes. Nat. Energy (2022) doi:10.1038/s41560-021-00962-y."
1_33_m_lifsi_dme_tte_1_2_vol,1.33 M LiFSI DME-TTE (1:2 vol),Li|Cu,LiFSI,,,1.33,,,FSI,DME,0.333,TTE,0.667,,,,,,,1,99.3,99.3,0.2,0.2,0.5,0.5,unsupported_species:TTE,"Park, K., Jo, Y., Koo, B., Lee, H. & Lee, H. Wide temperature cycling of Li-metal batteries with hydrofluoroether dilution of high-concentration electrolyte. Chem. Eng. J. 427, 131889 (2022)."
lifsi_2_2dmc_3tte,LiFSI-2.2DMC-3TTE,Li|Cu,LiFSI,,,,,,FSI,DMC,,TTE,,,,,,,,1,99.3,99.3,0.5,0.5,1.0,1.0,unsupported_species:TTE,"Ren, X. et al. Enabling High-Voltage Lithium-Metal Batteries under Practical Conditions. Joule 3, 1662–1676 (2019)."
lifsi_dme_fb_1_1_2_3_molar,LiFSI-DME-FB (1:1.2:3 molar),Li|Cu,LiFSI,,,,,,FSI,DME,,,,,,,,,,1,99.3,99.3,1.0,1.0,1.0,1.0,unknown_tokens:FB|MOLAR,"Jiang, Z. et al. Fluorobenzene, A Low-Density, Economical, and Bifunctional Hydrocarbon Cosolvent for Practical Lithium Metal Batteries. Adv. Funct. Mater. 31, 2005991 (2021)."
lifsi_dme_tte_1_1_2_3,LiFSI DME-TTE (1:1.2:3),Li|Cu,LiFSI,,,,,,FSI,DME,,TTE,,,,,,,,1,99.3,99.3,0.5,0.5,1.0,1.0,unsupported_species:TTE,"Ren, X. et al. Enabling High-Voltage Lithium-Metal Batteries under Practical Conditions. Joule 3, 1662–1676 (2019)."
lifsi_tep_1_1_5_molar,LiFSI-TEP 1:1.5 molar,Li|Cu,LiFSI,,,,,,FSI,TEP,,EP,,,,,,,,1,99.3,99.3,0.2,0.2,1.0,1.0,unknown_tokens:MOLAR;unsupported_species:TEP,"Xiao, L. et al. Stable Li Metal Anode with “Ion–Solvent-Coordinated” Nonflammable Electrolyte for Safe Li Metal Batteries. ACS Energy Lett. 4, 483–488 (2019)."
4_m_lifsi_dee,4 M LiFSI DEE,Li|Cu,LiFSI,,,4.0,,,FSI,DEE,1.0,,,,,,,,,1,99.38,99.38,0.5,0.5,1.0,1.0,unsupported_species:DEE,"Chen, Y. et al. Steric Effect Tuned Ion Solvation Enabling Stable Cycling of High-Voltage Lithium Metal Battery. J. Am. Chem. Soc. (2021) doi:10.1021/jacs.1c09006."
1_28m_lifsi_fec_femc_d2,1.28M LiFSI FEC-FEMC-D2 ,Li|Cu,LiFSI,,,1.28,,,FSI,FEC,0.1,EC,0.2,FEMC,0.7,EMC,,D2,,1,99.4,99.4,,,2.0,2.0,unsupported_species:D2,"Fan, X. et al. All-temperature batteries enabled by fluorinated electrolytes with non-polar solvents. Nat. Energy 4, 882–890 (2019)."
1_m_lifsi_dme_fdmh_1_6_molar,1 M LiFSI DME-FDMH (1:6 molar),Li|Cu,LiFSI,,,1.0,,,FSI,DME,0.0853015064815868,,0.9146984935184131,,,,,,,1,99.4,99.4,0.5,0.5,1.0,1.0,unknown_tokens:FDMH|MOLAR,"Wang, H. et al. Dual-Solvent Li-Ion Solvation Enables High-Performance Li-Metal Batteries. Adv. Mater. 33, 2008619 (2021)."
lifsi_1_2dme_3btfe,LiFSI-1.2DME-3BTFE,Li|Cu,LiFSI,,,,,,FSI,DME,,BTFE,,,,,,,,1,99.4,99.4,0.5,0.5,1.0,1.0,unsupported_species:BTFE,"Cao, X. et al. Effects of fluorinated solvents on electrolyte solvation structures and electrode/electrolyte interphases for lithium metal batteries. Proc. Natl. Acad. Sci. 118, e2020357118 (2021)."
1_8_m_lifsi_dme_1_1_with_hfme_at_50_concentration,1.8 M LiFSI/DME (1 : 1) with HFME at 50% concentration,Li|Cu,LiFSI,,,1.8,,,FSI,DME,0.5,FM,0.5,,,,,,,1,99.46,99.46,0.5,0.5,1.0,1.0,unknown_tokens:AT|CONCENTRATION|HFME|WITH;unsupported_species:FM,"Huang, F. et al. Enhancing metallic lithium battery performance by tuning the electrolyte solution structure. J. Mater. Chem. A 6, 1612–1620 (2018)."
1_2_m_lifsi_f4dee,1.2 M LiFSI F4DEE,Li|Cu,LiFSI,,,1.2,,,FSI,DEE,1.0,,,,,,,,,1,99.5,99.5,0.5,0.5,1.0,1.0,unknown_tokens:F4DEE;unsupported_species:DEE,"Yu, Z. et al. Rational solvent molecule tuning for high-performance lithium metal battery electrolytes. Nat. Energy (2022) doi:10.1038/s41560-021-00962-y."
1_2_m_lifsi_f5dee,1.2 M LiFSI F5DEE,Li|Cu,LiFSI,,,1.2,,,FSI,DEE,1.0,,,,,,,,,1,99.5,99.5,0.5,0.5,1.0,1.0,unknown_tokens:F5DEE;unsupported_species:DEE,"Yu, Z. et al. Rational solvent molecule tuning for high-performance lithium metal battery electrolytes. Nat. Energy (2022) doi:10.1038/s41560-021-00962-y."
1_7_m_lifsi_methf_tte_1_1_vol,1.7 M LiFSI MeTHF-TTE (1:1 vol),Li|Cu,LiFSI,,,1.7,,,FSI,TTE,0.5,,0.5,,,,,,,1,99.5,99.5,1.0,1.0,1.0,1.0,unknown_tokens:METHF;unsupported_species:TTE,"Xu, R. et al. Designing and Demystifying the Lithium Metal Interface toward Highly Reversible Batteries. Adv. Mater. 33, 2105962 (2021)."
1_8m_lifsi_dee_btfe_1_4_w_w,1.8M LiFSI DEE-BTFE (1:4 w/w),Li|Cu,LiFSI,,,1.8,,,FSI,DEE,0.3297632468996617,BTFE,0.6702367531003381,,,,,,,1,99.5,99.5,0.5,0.5,1.0,1.0,unsupported_species:BTFE|DEE,"Liu, H. et al. Ultrahigh coulombic efficiency electrolyte enables Li||SPAN batteries with superior cycling performance. Mater. Today 42, 17–28 (2021)."
1m_lifsi_dme_tfeo_1_2_3_mol,1M LiFSI DME-TFEO (1.2:3 mol),Li|Cu,LiFSI,,,1.0,,,FSI,DME,0.1634492544449742,TFEO,0.8365507455550258,,,,,,,1,99.5,99.5,0.5,0.5,1.0,1.0,unknown_tokens:MOL;unsupported_species:TFEO,"Cao, X. et al. Monolithic solid–electrolyte interphases formed in fluorinated orthoformate-based electrolytes minimize Li depletion and pulverization. Nat. Energy 4, 796–805 (2019)."
lifsi_1_2dme_3tfeo,LiFSI-1.2DME-3TFEO,Li|Cu,LiFSI,,,,,,FSI,DME,,TFEO,,,,,,,,1,99.5,99.5,0.5,0.5,1.0,1.0,unsupported_species:TFEO,"Cao, X. et al. Effects of fluorinated solvents on electrolyte solvation structures and electrode/electrolyte interphases for lithium metal batteries. Proc. Natl. Acad. Sci. 118, e2020357118 (2021)."
lifsi_1dme_3tte,LiFSI-1DME-3TTE,Li|Cu,LiFSI,,,,,,FSI,DME,,TTE,,,,,,,,1,99.5,99.5,0.5,0.5,1.0,1.0,unsupported_species:TTE,"Ren, X. et al. Role of inner solvation sheath within salt–solvent complexes in tailoring electrode/electrolyte interphases for lithium metal batteries. Proc. Natl. Acad. Sci. 117, 28603–28613 (2020)."
1_m_lipf6_ec_dmc_1_1_v_2_vc,1 M LiPF6 EC-DMC (1:1 v) 2% VC,Li|Cu,LiPF6,,,1.0,,,PF6,EC,0.5,DMC,0.5,VC,0.02,,,,,1,80.0,80.0,0.6,0.6,0.44,0.44,unsupported_species:VC,"Ota, H., Shima, K., Ue, M. & Yamaki, J. Effect of vinylene carbonate as additive to electrolyte for lithium metal anode. Electrochim. Acta 49, 565–572 (2004)."
1_m_lipf6_ec_emc_3_7_wt_2_wt_vc,1 M LiPF6 EC-EMC (3:7 wt) 2% wt VC,Li|Cu,LiPF6,,,1.0,,,PF6,EC,0.2462065589818893,EMC,0.7537934410181106,VC,0.02,,,,,1,82.0,82.0,0.5,0.5,1.0,1.0,unsupported_species:VC,"Chen, S. et al. High-Efficiency Lithium Metal Batteries with Fire-Retardant Electrolytes. Joule 2, 1548–1558 (2018)."
1m_lipf6_ec_dmc_3_7_v_v,1M LiPF6 EC-DMC (3:7 v/v),Li|Cu,LiPF6,,,1.0,,,PF6,EC,0.3,DMC,0.7,,,,,,,1,83.3,83.3,0.4,0.4,0.8,0.8,,"Zheng, H. et al. Lithium Difluorophosphate-Based Dual-Salt Low Concentration Electrolytes for Lithium Metal Batteries. Adv. Energy Mater. 10, 2001440 (2020)."
1m_lipf6_ec_dec_1_2_w_w,1M LiPF6 EC-DEC (1:2 w/w),Li|Cu,LiPF6,,,1.0,,,PF6,EC,0.2667578659370725,DEC,0.7332421340629275,,,,,,,1,83.7,83.7,1.0,1.0,1.0,1.0,,"Genovese, M. et al. Combinatorial Methods for Improving Lithium Metal Cycling Efficiency. J. Electrochem. Soc. 165, A3000–A3013 (2018)."
1_m_lipf6_ec_dmc_1_2_vol,1 M LiPF6 EC-DMC (1:2 vol),Li|Cu,LiPF6,,,1.0,,,PF6,EC,0.333,DMC,0.667,,,,,,,1,86.0,86.0,0.5,0.5,0.5,0.5,,"Ma, Y. et al. Enabling reliable lithium metal batteries by a bifunctional anionic electrolyte additive. Energy Storage Mater. 11, 197–204 (2018)."
1_m_lipf6_ec_dec_3_7_wt,1 M LiPF6 EC-DEC (3:7 wt),Li|Cu,LiPF6,,,1.0,,,PF6,EC,0.2404438964241677,DEC,0.7595561035758323,,,,,,,1,87.0,87.0,0.1,0.1,0.1,0.1,,"Schedlbauer, T. et al. Lithium difluoro(oxalato)borate: A promising salt for lithium metal based secondary batteries? Electrochim. Acta 92, 102–107 (2013)."
1_m_lipf6_ec_dec_1_1_vol,1 M LiPF6-EC/DEC (1:1 vol.),Li|Cu,LiPF6,,,1.0,,,PF6,EC,0.5,DEC,0.5,,,,,,,1,88.0,88.0,0.5,0.5,0.5,0.5,,"Xu, L. et al. Self-leveling electrolyte enabled dendrite-free lithium deposition for safer and stable lithium metal batteries. Chem. Eng. J. 419, 129494 (2021)."
1m_lipf6_ec_dec_1_1_w_w,1M LiPF6 EC-DEC (1:1 w/w),Li|Cu,LiPF6,,,1.0,,,PF6,EC,0.4248366013071895,DEC,0.5751633986928105,,,,,,,1,90.3,90.3,1.0,1.0,1.0,1.0,,"Genovese, M. et al. Combinatorial Methods for Improving Lithium Metal Cycling Efficiency. J. Electrochem. Soc. 165, A3000–A3013 (2018)."
1_m_lipf6_ec_dmc_1_2_vol_2_ttfeb,1 M LiPF6 EC-DMC (1:2 vol) 2% TTFEB,Li|Cu,LiPF6,,,1.0,,,PF6,EC,0.333,DMC,0.667,,0.02,,,,,1,91.0,91.0,0.5,0.5,0.5,0.5,unknown_tokens:TTFEB,"Ma, Y. et al. Enabling reliable lithium metal batteries by a bifunctional anionic electrolyte additive. Energy Storage Mater. 11, 197–204 (2018)."
1_m_lipf6_fec_dmc_1_1_v,1 M LiPF6 FEC-DMC (1:1 v),Li|Cu,LiPF6,,,1.0,,,PF6,FEC,0.5,EC,0.5,DMC,,,,,,1,91.78,91.78,1.0,1.0,1.0,1.0,,"Xu, L. et al. Self-leveling electrolyte enabled dendrite-free lithium deposition for safer and stable lithium metal batteries. Chem. Eng. J. 419, 129494 (2021)."
1_m_lipf6_fec_ec_dec_2_9_9_vol,1 M LiPF6 FEC-EC-DEC (2:9:9 vol),Li|Cu,LiPF6,,,1.0,,,PF6,FEC,0.1,EC,0.45,DEC,0.45,,,,,1,92.2,92.2,0.5,0.5,1.0,1.0,,"Gu, S. et al. Nitrate Additives Coordinated with Crown Ether Stabilize Lithium Metal Anodes in Carbonate Electrolyte. Adv. Funct. Mater. 31, 2102128 (2021)."
1_m_lipf6_fec_dmc_1_1_v_0_25wt_12_crown_4,1 M LiPF6 FEC-DMC (1:1 v) 0.25wt% 12-Crown-4,Li|Cu,LiPF6,,,1.0,,,PF6,FEC,0.5,EC,0.5,DMC,0.0025,,,,,1,94.05,94.05,1.0,1.0,1.0,1.0,unknown_tokens:CROWN,"Xu, L. et al. Self-leveling electrolyte enabled dendrite-free lithium deposition for safer and stable lithium metal batteries. Chem. Eng. J. 419, 129494 (2021)."
1_m_lipf6_fec_ec_dec_2_9_9_vol_0_05_m_rbno3_0_05m_18_crown_6,1 M LiPF6 FEC-EC-DEC (2:9:9 vol) 0.05 M RbNO3 0.05M 18-crown-6,Li|Cu,LiPF6,,,1.0,0.05,,PF6,FEC,0.1,EC,0.45,DEC,0.45,,,,,1,94.4,94.4,0.5,0.5,1.0,1.0,unknown_tokens:CROWN|RBNO3,"Gu, S. et al. Nitrate Additives Coordinated with Crown Ether Stabilize Lithium Metal Anodes in Carbonate Electrolyte. Adv. Funct. Mater. 31, 2102128 (2021)."
1_m_lipf6_fec_dmc_1_1_v_2wt_12_crown_4,1 M LiPF6 FEC-DMC (1:1 v) 2wt% 12-Crown-4,Li|Cu,LiPF6,,,1.0,,,PF6,FEC,0.5,EC,0.5,DMC,0.02,,,,,1,94.7,94.7,1.0,1.0,1.0,1.0,unknown_tokens:CROWN,"Xu, L. et al. Self-leveling electrolyte enabled dendrite-free lithium deposition for safer and stable lithium metal batteries. Chem. Eng. J. 419, 129494 (2021)."
1_m_lipf6_ec_dec_1_1_vol_5_vol_fec,1 M LiPF6-EC/DEC (1:1 vol.) + 5 vol% FEC,Li|Cu,LiPF6,,,1.0,,,PF6,EC,0.5,DEC,0.5,FEC,0.05,,,,,1,95.0,95.0,0.5,0.5,0.5,0.5,,"Zhang, X.-Q., Cheng, X.-B., Chen, X., Yan, C. & Zhang, Q. Fluoroethylene Carbonate Additives to Render Uniform Li Deposits in Lithium Metal Batteries. Adv. Funct. Mater. 27, 1605989 (2017)."
1_m_lipf6_fec_emc_dmc_34_6_57_2_8_2_wt,1 M LiPF6 FEC-EMC-DMC (34.6:57.2:8.2 wt) ,Li|Cu,LiPF6,,,1.0,,,PF6,FEC,0.278628829745826,EC,0.6259312142878466,EMC,0.0954399559663273,DMC,,,,1,95.0,95.0,1.0,1.0,1.0,1.0,,"Huang, K. et al. Regulation of SEI Formation by Anion Receptors to Achieve Ultra-Stable Lithium-Metal Batteries. Angew. Chemie Int. Ed. 60, 19232–19240 (2021)."
1_m_lipf6_in_ec_dec_0_15m_lidfp,1 M LiPF6 in EC/DEC + 0.15M LiDFP,Li|Cu,LiPF6,,,1.0,0.15,,PF6,EC,0.4248366013071895,DEC,0.5751633986928105,,,,,,,1,95.2,95.2,0.5,0.5,1.0,1.0,unknown_tokens:IN|LIDFP,"Shi, P. et al. Lithium Difluorophosphate as a Dendrite-Suppressing Additive for Lithium Metal Batteries. ACS Appl. Mater. Interfaces 10, 22201–22209 (2018)."
1_m_lipf6_fec_dmc_1_1_v_1_75wt_12_crown_4,1 M LiPF6 FEC-DMC (1:1 v) 1.75wt% 12-Crown-4,Li|Cu,LiPF6,,,1.0,,,PF6,FEC,0.5,EC,0.5,DMC,0.0175,,,,,1,95.35,95.35,1.0,1.0,1.0,1.0,unknown_tokens:CROWN,"Xu, L. et al. Self-leveling electrolyte enabled dendrite-free lithium deposition for safer and stable lithium metal batteries. Chem. Eng. J. 419, 129494 (2021)."
1_m_lipf6_fec_dmc_1_1_v_1_5wt_12_crown_4,1 M LiPF6 FEC-DMC (1:1 v) 1.5wt% 12-Crown-4,Li|Cu,LiPF6,,,1.0,,,PF6,FEC,0.5,EC,0.5,DMC,0.015,,,,,1,95.58,95.58,1.0,1.0,1.0,1.0,unknown_tokens:CROWN,"Xu, L. et al. Self-leveling electrolyte enabled dendrite-free lithium deposition for safer and stable lithium metal batteries. Chem. Eng. J. 419, 129494 (2021)."
1_m_lipf6_fec_dmc_1_1_v_0_5wt_12_crown_4,1 M LiPF6 FEC-DMC (1:1 v) 0.5wt% 12-Crown-4,Li|Cu,LiPF6,,,1.0,,,PF6,FEC,0.5,EC,0.5,DMC,0.005,,,,,1,95.76,95.76,1.0,1.0,1.0,1.0,unknown_tokens:CROWN,"Xu, L. et al. Self-leveling electrolyte enabled dendrite-free lithium deposition for safer and stable lithium metal batteries. Chem. Eng. J. 419, 129494 (2021)."
6_m_lipf6_ec_dec_1_1_vol,6 M LiPF6 EC-DEC (1:1 vol),Li|Cu,LiPF6,,,6.0,,,PF6,EC,0.5,DEC,0.5,,,,,,,1,96.0,96.0,0.5,0.5,1.0,1.0,,"Yuan, S. et al. Revisiting the designing criteria of advanced solid electrolyte interphase on lithium metal anode under practical condition. Nano Energy 83, 105847 (2021)."
1_m_lipf6_fec_dmc_1_1_v_1_25wt_12_crown_4,1 M LiPF6 FEC-DMC (1:1 v) 1.25wt% 12-Crown-4,Li|Cu,LiPF6,,,1.0,,,PF6,FEC,0.5,EC,0.5,DMC,0.0125,,,,,1,96.75,96.75,1.0,1.0,1.0,1.0,unknown_tokens:CROWN,"Xu, L. et al. Self-leveling electrolyte enabled dendrite-free lithium deposition for safer and stable lithium metal batteries. Chem. Eng. J. 419, 129494 (2021)."
1_m_lipf6_fec_dmc_1_1_v_0_75wt_12_crown_4,1 M LiPF6 FEC-DMC (1:1 v) 0.75wt% 12-Crown-4,Li|Cu,LiPF6,,,1.0,,,PF6,FEC,0.5,EC,0.5,DMC,0.0075,,,,,1,96.82,96.82,1.0,1.0,1.0,1.0,unknown_tokens:CROWN,"Xu, L. et al. Self-leveling electrolyte enabled dendrite-free lithium deposition for safer and stable lithium metal batteries. Chem. Eng. J. 419, 129494 (2021)."
1m_lipf6_fec_dec_1_1_w_w,1M LiPF6 FEC-DEC (1:1 w/w),Li|Cu,LiPF6,,,1.0,,,PF6,FEC,0.4013997529847674,EC,0.5986002470152326,DEC,,,,,,1,97.0,97.0,1.0,1.0,1.0,1.0,,"Genovese, M. et al. Combinatorial Methods for Improving Lithium Metal Cycling Efficiency. J. Electrochem. Soc. 165, A3000–A3013 (2018)."
1_m_lipf6_fec_ec_dec_2_9_9_vol_0_1_m_rbno3_0_1m_18_crown_6,1 M LiPF6 FEC-EC-DEC (2:9:9 vol) 0.1 M RbNO3 0.1M 18-crown-6,Li|Cu,LiPF6,,,1.0,0.1,,PF6,FEC,0.1,EC,0.45,DEC,0.45,,,,,1,97.1,97.1,0.5,0.5,1.0,1.0,unknown_tokens:CROWN|RBNO3,"Gu, S. et al. Nitrate Additives Coordinated with Crown Ether Stabilize Lithium Metal Anodes in Carbonate Electrolyte. Adv. Funct. Mater. 31, 2102128 (2021)."
1_m_lipf6_fec_dmc_1_1_v_0_1wt_12_crown_4,1 M LiPF6 FEC-DMC (1:1 v) 0.1wt% 12-Crown-4,Li|Cu,LiPF6,,,1.0,,,PF6,FEC,0.5,EC,0.5,DMC,0.01,,,,,1,97.24,97.24,1.0,1.0,1.0,1.0,unknown_tokens:CROWN,"Xu, L. et al. Self-leveling electrolyte enabled dendrite-free lithium deposition for safer and stable lithium metal batteries. Chem. Eng. J. 419, 129494 (2021)."
1_m_lipf6_mtfp_fec_9_1_vol,1 M LiPF6 MTFP-FEC (9:1 vol),Li|Cu,LiPF6,,,1.0,,,PF6,FEC,0.9,EC,0.1,,,,,,,1,97.6,97.6,0.5,0.5,1.0,1.0,unknown_tokens:MTFP,"Holoubek, J. et al. An All-Fluorinated Ester Electrolyte for Stable High-Voltage Li Metal Batteries Capable of Ultra-Low-Temperature Operation. ACS Energy Lett. 5, 1438–1447 (2020)."
1m_lipf6_fec_tfec_1_1_w_w,1M LiPF6 FEC-TFEC (1:1 w/w),Li|Cu,LiPF6,,,1.0,,,PF6,FEC,0.50944669365722,EC,0.49055330634278,TFEC,,,,,,1,97.6,97.6,1.0,1.0,1.0,1.0,unsupported_species:TFEC,"Genovese, M. et al. Combinatorial Methods for Improving Lithium Metal Cycling Efficiency. J. Electrochem. Soc. 165, A3000–A3013 (2018)."
1_m_lipf6_ec_dmc_1_1_v_0_5_m_lino3_tegdme_70,"1 M LiPF6 EC-DMC (1:1 v), 0.5 M LiNO3 TEGDME, 70%",Li|Cu,LiPF6,LiNO3,,0.3,0.35,,PF6,EC,0.15,DMC,0.15,DME,0.7,,,,,1,97.7,97.7,0.5,0.5,1.0,1.0,unknown_tokens:TEGDME,"Zhang, S. et al. Competitive Solvation Enhanced Stability of Lithium Metal Anode in Dual-Salt Electrolyte. Nano Lett. 21, 3310–3317 (2021)."
1_m_lipf6_ec_dmc_1_1_v_0_5_m_lino3_tegdme_50,"1 M LiPF6 EC-DMC (1:1 v), 0.5 M LiNO3 TEGDME, 50%",Li|Cu,LiPF6,LiNO3,,0.5,0.25,,PF6,EC,0.25,DMC,0.25,DME,0.5,,,,,1,97.9,97.9,0.5,0.5,1.0,1.0,unknown_tokens:TEGDME,"Zhang, S. et al. Competitive Solvation Enhanced Stability of Lithium Metal Anode in Dual-Salt Electrolyte. Nano Lett. 21, 3310–3317 (2021)."
1_m_lipf6_fec_emc_dmc_34_6_57_2_8_2_wt_1wt_tmsb,1 M LiPF6 FEC-EMC-DMC (34.6:57.2:8.2 wt) 1wt% TMSB,Li|Cu,LiPF6,,,1.0,0.01,,PF6,FEC,0.3863731762282948,EC,0.531554576832353,EMC,0.0820722469393522,DMC,,TMS,,1,97.9,97.9,1.0,1.0,1.0,1.0,unknown_tokens:TMSB;unsupported_species:TMS,"Huang, K. et al. Regulation of SEI Formation by Anion Receptors to Achieve Ultra-Stable Lithium-Metal Batteries. Angew. Chemie Int. Ed. 60, 19232–19240 (2021)."
1_m_lipf6_fec_femc_d2_2_6_2_wt,1 M LiPF6 FEC-FEMC-D2 (2:6:2 wt),Li|Cu,LiPF6,,,1.0,,,PF6,FEC,0.1875049589731661,EC,0.6291512546468851,FEMC,0.1833437863799486,EMC,,D2,,1,99.2,99.2,0.2,0.2,1.0,1.0,unsupported_species:D2,"Fan, X. et al. Non-flammable electrolyte enables Li-metal batteries with aggressive cathode chemistries. Nat. Nanotechnol. 13, 715–722 (2018)."
2m_lipf6_thf_mthf_1_1_vol,2M LiPF6 THF-MTHF (1:1 vol),Li|Cu,LiPF6,,,2.0,,,PF6,,0.5,,0.5,,,,,,,1,99.2,99.2,0.5,0.5,1.0,1.0,unknown_tokens:MTHF|THF,"Chen, J. et al. Electrolyte design for Li metal-free Li batteries. Mater. Today 39, 118–126 (2020)."
1m_litfpfb_pc,1M LiTFPFB PC,Li|Cu,LiTFPFB,,,1.0,,,TFPFB,PC,1.0,,,,,,,,,1,80.6,80.6,0.5,0.5,1.0,1.0,unsupported_species:TFPFB,"Qiao, L. et al. A promising bulky anion based lithium borate salt for lithium metal batteries. Chem. Sci. 9, 3451–3458 (2018)."
1_m_litfsi_ec_dmc_1_1_v_2_vc,1 M LiTFSI EC-DMC (1:1 v) 2% VC,Li|Cu,LiTFSI,,,1.0,,,TFSI,EC,0.5,DMC,0.5,VC,0.02,,,,,1,82.0,82.0,0.6,0.6,0.44,0.44,unsupported_species:VC,"Ota, H., Shima, K., Ue, M. & Yamaki, J. Effect of vinylene carbonate as additive to electrolyte for lithium metal anode. Electrochim. Acta 49, 565–572 (2004)."
0_6m_litfsi_0_4m_libob_ec_emc_5_5_wt,0.6M LiTFSI 0.4M LiBOB EC-EMC (5:5 wt),Li|Cu,LiTFSI,LiBOB,,0.6,0.4,,TFSI,EC,0.4325021496130696,EMC,0.5674978503869303,,,,,,,1,88.1,88.1,0.5,0.5,1.0,1.0,,"Li, X. et al. Dendrite-Free and Performance-Enhanced Lithium Metal Batteries through Optimizing Solvent Compositions and Adding Combinational Additives. Adv. Energy Mater. 8, 1703022 (2018)."
0_6m_litfsi_0_4m_libob_ec_emc_7_3_wt,0.6M LiTFSI 0.4M LiBOB EC-EMC (7:3 wt),Li|Cu,LiTFSI,LiBOB,,0.6,0.4,,TFSI,EC,0.6400654426467914,EMC,0.3599345573532084,,,,,,,1,91.6,91.6,0.5,0.5,1.0,1.0,,"Li, X. et al. Dendrite-Free and Performance-Enhanced Lithium Metal Batteries through Optimizing Solvent Compositions and Adding Combinational Additives. Adv. Energy Mater. 8, 1703022 (2018)."
0_6m_litfsi_0_4m_libob_ec_emc_9_1_wt,0.6M LiTFSI 0.4M LiBOB EC-EMC (9:1 wt),Li|Cu,LiTFSI,LiBOB,,0.6,0.4,,TFSI,EC,0.8727588201272412,EMC,0.1272411798727588,,,,,,,1,91.7,91.7,0.5,0.5,1.0,1.0,,"Li, X. et al. Dendrite-Free and Performance-Enhanced Lithium Metal Batteries through Optimizing Solvent Compositions and Adding Combinational Additives. Adv. Energy Mater. 8, 1703022 (2018)."
1_m_litfsi_ec_dmc_1_1_v_5wt_fec,1 M LiTFSI EC-DMC (1:1 v) 5wt% FEC,Li|Cu,LiTFSI,,,1.0,,,TFSI,EC,0.5,DMC,0.5,FEC,0.05,,,,,1,92.2,92.2,0.5,0.5,0.5,0.5,,"Liu, B. et al. Importance of oxygen in the metal-free catalytic growth of single-walled carbon nanotubes from SiO x by a vapor-solid-solid mechanism. J. Am. Chem. Soc. 133, 197–199 (2011)."
3_57_m_litfsi_dme,3.57 M LiTFSI DME,Li|Cu,LiTFSI,,,3.57,0.0,,TFSI,DME,1.0,,,,,,,,,1,92.8,92.8,1.0,1.0,1.0,1.0,,"Yang, H. et al. Dissolution–Precipitation Dynamics in Ester Electrolyte for High-Stability Lithium Metal Batteries. ACS Energy Lett. 6, 1413–1421 (2021)."
0_1m_lidfp_0_4m_litfsi_ec_dmc_3_7_v_v,0.1M LiDFP 0.4M LiTFSI EC-DMC (3:7 v/v),Li|Cu,LiTFSI,,,0.1,0.4,,TFSI,EC,0.3,DMC,0.7,,,,,,,1,93.6,93.6,0.4,0.4,0.8,0.8,unknown_tokens:LIDFP,"Zheng, H. et al. Lithium Difluorophosphate-Based Dual-Salt Low Concentration Electrolytes for Lithium Metal Batteries. Adv. Energy Mater. 10, 2001440 (2020)."
0_84_m_litfsi_2_7m_lidfp_dme,0.84 M LiTFSI 2.7M LiDFP DME,Li|Cu,LiTFSI,,,0.84,2.7,,TFSI,DME,1.0,,,,,,,,,1,93.9,93.9,1.0,1.0,1.0,1.0,unknown_tokens:LIDFP,"Yang, H. et al. Dissolution–Precipitation Dynamics in Ester Electrolyte for High-Stability Lithium Metal Batteries. ACS Energy Lett. 6, 1413–1421 (2021)."
0_11_m_litfsi_3_9_m_lidfp_dme,0.11 M LiTFSI 3.9 M LiDFP DME,Li|Cu,LiTFSI,,,0.11,3.9,,TFSI,DME,1.0,,,,,,,,,1,94.3,94.3,1.0,1.0,1.0,1.0,unknown_tokens:LIDFP,"Yang, H. et al. Dissolution–Precipitation Dynamics in Ester Electrolyte for High-Stability Lithium Metal Batteries. ACS Energy Lett. 6, 1413–1421 (2021)."
2m_litfsi_2m_lidfob_dme,2M LiTFSI 2M LiDFOB DME,Li|Cu,LiTFSI,LiDFOB,,2.0,2.0,,TFSI,DME,1.0,,,,,,,,,1,94.6,94.6,0.5,0.5,1.0,1.0,,"Jiao, S. et al. Stable cycling of high-voltage lithium metal batteries in ether electrolytes. Nat. Energy 3, 739–746 (2018)."
2_2_m_litfsi_0_8_m_lidfp_dme,2.2 M LiTFSI 0.8 M LiDFP DME,Li|Cu,LiTFSI,,,2.2,0.8,,TFSI,DME,1.0,,,,,,,,,1,94.9,94.9,1.0,1.0,1.0,1.0,unknown_tokens:LIDFP,"Yang, H. et al. Dissolution–Precipitation Dynamics in Ester Electrolyte for High-Stability Lithium Metal Batteries. ACS Energy Lett. 6, 1413–1421 (2021)."
0_02m_li2s5_0_15m_lino3_1m_litfsi_dol_dme_1_1_vol,0.02M Li2S5 0.15M LiNO3 1M LiTFSI DOL-DME (1:1 vol),Li|Cu,LiTFSI,LiNO3,,1.0,0.15,0.02,TFSI,DOL,0.5,DME,0.5,,,,,,,1,95.0,95.0,0.5,0.5,0.5,0.5,unknown_tokens:LI2S5,"Zhao, C.-Z. et al. Li2S5-based ternary-salt electrolyte for robust lithium metal anode. Energy Storage Mater. 3, 77–84 (2016)."
3m_litfsi_dme,3M LiTFSI DME,Li|Cu,LiTFSI,,,3.0,,,TFSI,DME,1.0,,,,,,,,,1,95.7,95.7,0.5,0.5,1.0,1.0,,"Jiao, S. et al. Stable cycling of high-voltage lithium metal batteries in ether electrolytes. Nat. Energy 3, 739–746 (2018)."
3_25m_litfsi_sl,3.25M LiTFSI SL,Li|Cu,LiTFSI,,,3.25,,,TFSI,SL,1.0,,,,,,,,,1,96.5,96.5,0.5,0.5,1.0,1.0,,"Fu, J. et al. Lithium Nitrate Regulated Sulfone Electrolytes for Lithium Metal Batteries. Angew. Chemie Int. Ed. 59, 22194–22201 (2020)."
5m_litfsi_1_4_ea_dcm_vol,5M LiTFSI 1-4 (EA-DCM vol),Li|Cu,LiTFSI,,,5.0,,,TFSI,,0.2,,0.8,,,,,,,1,96.5,96.5,0.2,0.2,0.5,0.5,unknown_tokens:DCM|EA,"Dong, X. et al. High-Energy Rechargeable Metallic Lithium Battery at −70 °C Enabled by a Cosolvent Electrolyte. Angew. Chemie Int. Ed. 58, 5623–5627 (2019)."
0_1_m_li2s5_5_lino3_in_1_m_litfsi_in_dol_dme_1_1_vol,0.1 M Li2S5 + 5% LiNO3 in 1 M LiTFSI in DOL/DME (1:1 vol),Li|Cu,LiTFSI,LiNO3,,1.0,0.1,0.7772999999999999,TFSI,DOL,0.5,DME,0.5,,,,,,,1,97.0,97.0,1.0,1.0,1.0,1.0,unknown_tokens:IN|LI2S5,"Zhao, C.-Z. et al. Li2S5-based ternary-salt electrolyte for robust lithium metal anode. Energy Storage Mater. 3, 77–84 (2016)."
0_5_m_litfsi_0_5_m_lino3_dol_dme_1_1_v,0.5 M LiTFSI 0.5 M LiNO3 DOL-DME (1:1 v),Li|Cu,LiTFSI,LiNO3,,0.5,0.5,,TFSI,DOL,0.5,DME,0.5,,,,,,,1,97.0,97.0,0.5,0.5,0.5,0.5,,"May, R., Fritzsching, K. J., Livitz, D., Denny, S. R. & Marbella, L. E. Rapid Interfacial Exchange of Li Ions Dictates High Coulombic Efficiency in Li Metal Anodes. ACS Energy Lett. 6, 1162–1169 (2021)."
1_m_litfsi_in_dol_dme_with_5wt_tms_fnfsi,1 M LiTFSI in DOL/DME with 5wt% TMS-FNFSI,Li|Cu,LiTFSI,,,1.0,0.1097057745751177,,TFSI,DOL,0.5,DME,0.5,TMS,,,,,,1,97.3,97.3,0.5,0.5,1.0,1.0,unknown_tokens:FNFSI|IN|WITH;unsupported_species:TMS,"Tong, B. et al. (CH3)3Si-N[(FSO2)(n-C4F9SO2)]: An additive for dendrite-free lithium metal anode. J. Power Sources 400, 225–231 (2018)."
1m_litfsi_dme_dol_1_1_3_lino3,1M LiTFSI DME-DOL (1:1) 3% LiNO3,Li|Cu,LiTFSI,LiNO3,,1.0,0.4663763909046928,,TFSI,DME,0.5,DOL,0.5,,,,,,,1,97.8,97.8,0.5,0.5,1.0,1.0,,"Qiu, F. et al. A Concentrated Ternary-Salts Electrolyte for High Reversible Li Metal Battery with Slight Excess Li. Adv. Energy Mater. 9, 1803372 (2019)."
4_6_m_lifsi_2_3_m_litfsi_dme,4.6 M LiFSI 2.3 M LiTFSI DME,Li|Cu,LiTFSI,LiFSI,,4.6,2.3,,TFSI,DME,1.0,,,,,,,,,1,97.9,97.9,0.5,0.5,0.5,0.5,,"Alvarado, J. et al. Bisalt ether electrolytes: a pathway towards lithium metal batteries with Ni-rich cathodes. Energy Environ. Sci. 12, 780–794 (2019)."
0_4m_litfsi_0_6m_lino3_dol_dme_1_1_vol,0.4M LiTFSI 0.6M LiNO3 DOL-DME (1:1 vol),Li|Cu,LiTFSI,LiNO3,,0.4,0.6,,TFSI,DOL,0.5,DME,0.5,,,,,,,1,98.34,98.34,0.5,0.5,1.0,1.0,,"Chu, H. et al. Unraveling the Dual Functionality of High-Donor-Number Anion in Lean-Electrolyte Lithium-Sulfur Batteries. Adv. Energy Mater. 10, 2000493 (2020)."
1_m_litfsi_dol_dme_1_1_vol_2wt_lino3,1 M LiTFSI DOL-DME (1:1 vol) 2wt% LiNO3,Li|Cu,LiTFSI,LiNO3,,1.0,0.3109175939364618,,TFSI,DOL,0.5,DME,0.5,,,,,,,1,98.5,98.5,0.5,0.5,1.0,1.0,,"Yuan, S. et al. Revisiting the designing criteria of advanced solid electrolyte interphase on lithium metal anode under practical condition. Nano Energy 83, 105847 (2021)."
3_25m_litfsi_0_1m_lino3_sl,3.25M LiTFSI 0.1M LiNO3 SL,Li|Cu,LiTFSI,LiNO3,,3.25,0.1,,TFSI,SL,1.0,,,,,,,,,1,98.5,98.5,0.5,0.5,1.0,1.0,,"Fu, J. et al. Lithium Nitrate Regulated Sulfone Electrolytes for Lithium Metal Batteries. Angew. Chemie Int. Ed. 59, 22194–22201 (2020)."
3_m_litfsi_3wt_lino3_dol_dme_1_1_v,3 M LiTFSI 3wt% LiNO3 DOL-DME (1:1 v),Li|Cu,LiTFSI,LiNO3,,3.0,0.4663763909046928,,TFSI,DOL,0.5,DME,0.5,,,,,,,1,98.5,98.5,0.5,0.5,1.0,1.0,,"Qiu, F. et al. A Concentrated Ternary-Salts Electrolyte for High Reversible Li Metal Battery with Slight Excess Li. Adv. Energy Mater. 9, 1803372 (2019)."
2m_lifsi_1m_litfsi_dol_dme_1_1_vol,2M LiFSI 1M LiTFSI DOL-DME (1:1 vol),Li|Cu,LiTFSI,LiFSI,,2.0,1.0,,TFSI,DOL,0.5,DME,0.5,,,,,,,1,98.6,98.6,0.5,0.5,0.8,0.8,,"Liu, P. et al. Concentrated dual-salt electrolytes for improving the cycling stability of lithium metal anodes. Chinese Phys. B 25, 78203 (2016)."
1m_lifsi_2m_litfsi_dol_dme_1_1_vol,1M LiFSI 2M LiTFSI DOL-DME (1:1 vol),Li|Cu,LiTFSI,LiFSI,,1.0,2.0,,TFSI,DOL,0.5,DME,0.5,,,,,,,1,98.7,98.7,0.5,0.5,1.0,1.0,,"Liu, P. et al. Concentrated dual-salt electrolytes for improving the cycling stability of lithium metal anodes. Chinese Phys. B 25, 78203 (2016)."
1_3_m_litfsi_0_04_m_lino3_sl_d2_1_2_wt,1.3 M LiTFSI 0.04 M LiNO3 SL-D2 (1:2 wt),Li|Cu,LiTFSI,LiNO3,,1.3,0.04,,TFSI,SL,0.3357164358819988,D2,0.6642835641180012,,,,,,,1,99.0,99.0,0.5,0.5,1.0,1.0,unsupported_species:D2,"Fu, J. et al. Lithium Nitrate Regulated Sulfone Electrolytes for Lithium Metal Batteries. Angew. Chemie Int. Ed. 59, 22194–22201 (2020)."
2_m_lifsi_1_m_litfsi_3wt_lino3_dol_dme_1_1_v,2 M LiFSI 1 M LiTFSI 3wt% LiNO3 DOL-DME (1:1 v),Li|Cu,LiTFSI,LiFSI,LiNO3,2.0,1.0,,TFSI,DOL,0.5,DME,0.5,,,,,,,1,99.1,99.1,0.5,0.5,1.0,1.0,,"Qiu, F. et al. A Concentrated Ternary-Salts Electrolyte for High Reversible Li Metal Battery with Slight Excess Li. Adv. Energy Mater. 9, 1803372 (2019)."
1m_litfsi_in_fdma_fec_1_1_by_vol,1M LiTFSI in FDMA/FEC (1:1 by vol),Li|Cu,LiTFSI,,,1.0,,,TFSI,FEC,0.5,EC,0.5,,,,,,,1,99.3,99.3,1.0,1.0,1.0,1.0,unknown_tokens:BY|FDMA|IN,"Wang, Q. et al. Interface chemistry of an amide electrolyte for highly reversible lithium metal batteries. Nat. Commun. 11, 4188 (2020)."
0_5m_litfsi_0_5m_thf_ch3f,0.5M LiTFSI 0.5M THF CH3F,Li|Cu,LiTFSI,,,0.5,0.5,,TFSI,,1.0,,,,,,,,,1,99.4,99.4,1.0,1.0,1.0,1.0,unknown_tokens:CH3F|THF,"Yang, Y. et al. High-Efficiency Lithium-Metal Anode Enabled by Liquefied Gas Electrolytes. Joule 3, 1986–2000 (2019)."
1_2m_litfsi_1m_an_in_fm,1.2M LiTFSI 1M AN in FM,Li|Cu,LiTFSI,,,1.2,1.0,,TFSI,FM,1.0,,,,,,,,,1,99.4,99.4,0.5,0.5,1.0,1.0,unknown_tokens:AN|IN;unsupported_species:FM,"Yang, Y. et al. Liquefied gas electrolytes for wide-temperature lithium metal batteries. Energy Environ. Sci. 13, 2209–2219 (2020)."
3_m_lifnsi_in_dol_dme,3 M LiFNSI in DOL/DME,Li|Cu,,,,3.0,,,,DOL,0.5,DME,0.5,,,,,,,1,97.0,97.0,0.5,0.5,1.5,1.5,salt_not_parsed;unknown_tokens:IN|LIFNSI,"Fang, Z. et al. Novel Concentrated Li[(FSO2)(n-C4F9SO2)N]-Based Ether Electrolyte for Superior Stability of Metallic Lithium Anode. ACS Appl. Mater. Interfaces 9, 4282–4289 (2017)."
